total_claim_charge_amount,days_taken_for_claim_filing,patient_age,mins_mean_quantity,units_median_quantity,count_of_unique_HealthCareDiagnosisCode,count_of_lineitems,count_of_holidays,noise
0.027421758569299525,0.03920669494439981,0.015545110627077807,0.0010202911842255857,-5.731972945091091e-05,-0.017964003209904867,-0.002946234093775113,0.005112919867018206,-0.000171959188352655
0.026215022091310713,0.024379743967372792,-0.02552396057550701,-0.00018126203693213938,-7.930214115781098e-05,-0.0024017219893509023,-0.004950719383709135,-0.001472754050073677,-0.0012575053812167725
0.024938339271033165,0.050726226363387236,-0.03143326938887364,0.0017813099479309312,0.0017402027952864052,-0.006494930117840492,0.00016442861057824887,0.006782680186352452,0.0023431077007399436
0.003753938895739184,0.03256610494588305,-0.0005206192629126805,-0.0012878476503630277,-0.0002329086176187989,0.0021646800931634956,0.005576106315933716,-0.011782435950130121,-0.010261679682148205
0.034191535010727525,0.06773941876340941,0.02363955529549445,0.0004095962551199595,0.0005461283401599681,0.0064365125804564105,0.01417983226058125,0.00741174175931345,0.011371172225473004
0.02138792505204714,0.05851492019430947,-0.0033032616238723666,-0.00048577376821654636,-0.006245662734212387,0.011714087439278242,0.006370575988896554,0.005607217210270599,0.014628730048577333
0.05888954518606031,0.06709982279976377,0.013656231541642094,0.00015357353809809516,-0.0026580035440046832,0.01258121677495575,0.01033668044890731,0.00799763733018316,0.012852923803898441
0.005086032388664019,0.012171052631578999,0.003618421052631626,0.0015055668016194846,-0.0026821862348177738,0.00859058704453448,0.0070470647773279715,-0.006465080971659876,0.01478997975708507
-0.03580596451491126,0.06825217063042659,-0.005936202340505847,-4.718761796904669e-05,-0.0003397508493771073,-0.0028784446961117372,-0.012306530766326906,0.015364288410721027,0.001642129105322776
0.016874999999999928,0.045798611111111054,-0.02047453703703709,0.0,0.005115740740740693,-0.007627314814814867,-0.011192129629629666,-0.0108217592592593,-0.002187500000000031
0.036628259551243235,0.11023347483323231,0.00735294117647064,0.0,0.0004699818071558615,0.0007883565797453307,-0.007201334141904159,-0.0015463917525772807,0.012340812613705333
0.044059218018473956,0.0048462609135770775,-0.0034796912564849292,6.326711375422844e-05,-0.0008983930153106834,0.0039352144755155916,-0.014184486903707504,0.009932936859420437,0.011135012020751567
0.03357296908698772,0.02450275581116699,0.004397316079559055,-0.0009944883776659918,0.0019530313922836884,-0.0012101605559549978,0.0031871555236040795,0.006230529595015533,0.006026839204409262
0.026456111566858086,0.05190046486190869,-0.023502871205906474,0.00010937927262784086,-0.0015313098167896832,-0.010678151490292586,-0.0005468963631391599,-0.007670221493027074,-0.01874487284659556
0.0035045057931626933,0.04651695036475474,0.005735946216564214,0.00031469031612078033,0.0002288656844514847,0.018952939493634736,0.0031469031612073152,0.0010585037905879613,-0.005063653268488011
0.006595689431316521,-0.0038518133818056244,0.004985717995325855,-0.0005799359473730115,0.0016965290400761447,-0.0006664935514585357,0.010516748896390505,-0.001315675582099929,0.003367090798926653
0.01931415929203545,0.05649336283185845,-0.022842920353982242,0.001471238938053132,-0.0092809734513274,0.0013938053097345526,0.007013274336283215,-0.005984513274336245,0.007223451327433661
-0.027157226045526728,0.02002823363331569,-0.024475030880536437,0.0,0.001023469207693667,-0.004411505205576138,-0.005752602788071276,0.006899594141521087,-0.0309511205223222
0.01821943406300055,0.07498665242925787,-0.011412172984516833,-0.0005205552589428786,-0.00016017084890550536,0.0015750133475707529,-0.01434863854778432,0.004818473037907112,0.017405232247730894
0.0392150322437181,0.07262619524127202,-0.010618189904380649,-0.0004113853680230872,-0.003179897709584123,0.017289303980431447,0.007482766288636889,-5.5592617300370684e-05,-0.005703802535023306
0.032727769430405715,0.08598552110367438,-0.0017210763556890774,-0.0022401311296270433,-0.004917361016254585,0.0035514274006283597,-0.005081273050129731,0.005327141100942523,0.002212812457314617
0.007392273402674565,0.025532441802872684,0.002488855869242168,0.00032194155522535794,-0.003306092124814264,-0.010339276869737502,0.0010401188707280795,0.002501238236750858,-0.004767211490837087
0.013620162932790225,0.01398930753564156,-0.004658859470468435,0.0006746435845213728,0.00042006109979632057,-0.011876272912423613,-0.00011456211812626016,-0.01075610997963341,0.011659877800407337
0.020229815542788042,0.06723616570910193,-0.001103719383126678,-6.047777441786639e-05,0.0017236165709102135,0.0006198971877835136,-0.002887813728454769,-0.007529482915028707,0.007559721802237707
0.013052737066265741,0.04668670925717144,0.011662282349993692,0.0018163597644995089,-0.00025053238131033105,0.005530502317424457,-0.0007766503820619275,-0.004384316672930044,0.0017662532882374514
0.02875478728910047,0.06572301004036846,-0.001770003105268636,-0.00034157954663082134,0.0010143877445398576,0.013839147086222903,0.011282475934168267,0.011613704585446583,0.005040886036642123
-0.005804402584601931,0.04145219581644944,-0.03490307742854015,-0.0022012923009528174,-0.0010513634870222498,0.004643522067681505,-0.0003504544956740907,0.0023108093308509157,-0.00904610666958714
0.052607303010890415,0.06380525304292119,0.02308776425368351,0.0,-0.0011915438821268776,-0.002357463164638107,-0.0007303010890455042,0.003971812940422781,0.009967969250480435
0.05053398058252424,0.05853155339805821,0.02848300970873783,-0.0009223300970873982,-0.0019053398058252792,0.01247572815533977,-0.0022208737864077956,0.008349514563106763,0.02402912621359221
0.026869688385269135,0.05420679886685555,-0.051869688385269105,0.0,0.0011473087818697158,-0.007974504249291758,0.0013881019830028652,0.011912181303116142,0.00579320113314451
0.016142663962136632,0.022954699121027773,0.014418526031102141,8.451656524683937e-05,-0.005003380662609825,0.0055273833671400045,0.0027721433400947127,0.010125084516565297,-0.0021298174442190287
0.037016021361815796,0.09682910547396531,-0.0083222073876279,0.003204272363150895,-0.005941255006675528,0.0005562972852692805,0.007643524699599513,0.009902091677792667,-0.0022919448153092435
0.04014004969505307,-0.02454257962502826,-0.0004969505308335287,-0.007680144567427149,-0.0053986898576914525,0.0051728032527671,-0.003715834651005212,0.0005195391913259239,0.022035238310368178
0.017432312472259227,0.05842210386151797,-0.010796715490457165,0.0,-0.0017532179316466889,-0.005659121171770953,0.0051043053706169685,0.0013981358189081195,-0.010064358632933867
0.0043189881227825855,0.05903131266389011,-0.010751195434212591,0.0020206694431589623,0.0004935986426036654,0.009208699676075826,-0.0009254974548820405,-0.00874595094863495,0.006617306802406253
0.026181434599156127,0.06689873417721522,0.00027426160337554737,-0.00022151898734174003,-0.0029008438818565073,0.004704641350211014,0.0007172995780591052,0.0072679324894515005,-0.02053797468354429
0.014071224717706877,0.03860280431815357,-0.005236381685072633,0.0,0.0011663978161061794,-0.005596227819828792,0.0002853952103238244,0.0003970715969723093,-0.0035488273979402242
0.017961952514378425,0.014112962689868752,-0.01595634862114733,0.0010912844713169222,0.0045421029346704,-0.006090547116944389,-0.006503465565550792,-0.007049107801209276,-0.008007668485474106
0.03311219049875609,0.05719701457173323,-0.012261580381471394,0.0003080203767326095,-0.002250918137661395,0.011325672313706913,0.008897050112545902,0.0045847648382893015,0.00897997867551239
-0.0036096088542321046,0.05509369890579807,-0.01754496289774866,-0.00280467865677263,-0.0035467236825555857,-0.001295434536536222,-0.003961765815620621,0.013708967425481111,0.0017104766696013685
0.06242691671263095,0.1058466629895201,0.012024269167126279,1.10314396028377e-05,0.002967457253171479,0.005780474351902898,-0.003750689464975232,0.008847214561500238,0.010700496414782079
-0.01936942929360117,0.05119063456166023,-0.010429692696554471,-0.0003990953837967215,-0.0074497804975389385,-0.0007449780497538749,-0.002700545430357848,0.003857922043368367,0.0026805906611680197
0.02959302325581392,0.06117005813953487,0.00834302325581393,0.0,0.0022529069767441624,0.022238372093023227,-0.0037790697674418674,0.005348837209302293,-0.00015988372093024284
0.017743041272453085,0.027382421500068588,-0.025010283833813228,0.0010558069381598866,0.002413273001508309,0.006060606060606067,-0.003907856849033298,0.004278074866310188,-0.014561908679555724
0.02601174586225307,0.016433529097704236,0.0038334223171382796,-0.0005018686599038813,0.0013240790176187955,0.006705819540843594,-0.008040576615056038,0.002744260544580901,-0.009578216764548841
0.0269403242497413,0.046142347936069916,-0.010900310451879947,-0.00036794296883980727,0.0036219385995170717,0.009474531447625634,-0.0079567667011613,-0.007370357594572841,0.02389329653903647
0.031508115882473785,0.013529895212656639,0.02458393260735563,0.00021573864803775544,-0.007900143825765382,-0.0046229710293815614,-0.005742757345387328,0.0009554140127388422,-0.004499691801931394
0.009450222882615178,0.01838038632986629,-0.0377117384843982,-0.0006389301634472488,7.429420505200568e-05,-0.003781575037147078,8.915304606240681e-05,0.007057949479940584,-0.0019167904903417353
0.04891524443158805,0.10341336418860281,-0.0018079259473532505,0.0005785363031529878,-0.005944460514897343,0.006060167775527892,-0.004223315013017104,-0.0003181949667342088,0.008562337286664713
-0.03158801696712623,0.07314422057264047,-0.017484093319194094,0.0001855779427359483,0.0023992576882290173,-0.006110816542948094,0.010352598091198272,0.009901908801696679,0.024005832449628794
0.023325567850902736,0.03198893418753641,-0.0241846243447874,-0.0015142690739662235,0.000931857891671517,0.0024024461269656293,-0.00604251601630752,0.0049941758881770545,0.0060861968549796195
0.015433775363476575,0.029173989455184506,-0.006949992011503448,0.0005591947595462333,-0.006997922990893135,-0.0005751717526761846,0.002652180859562192,0.004697235980188508,0.007397347819140421
0.017772003163484328,0.05037848830640603,0.009546943848152712,-0.00022596316800362892,-0.002124053779234003,-0.007050050841712818,-0.000158174217602558,0.011015704440176244,0.0022144390464354123
0.024679995768539097,0.08435417327832435,0.014207130011636515,0.0,-0.00017983708875485283,-0.00033851687295037846,0.0015867978419549344,-0.00342748333862265,-0.016899397016820063
0.0478147179678745,0.054152658448512025,-0.01433196364089152,0.0002116797410036453,-0.0014942099364960604,0.010608890549122164,0.0032997136097622113,-0.0018677624206200672,-0.027325364213671988
0.006568586821384226,0.013323663489432291,0.004164939908827226,0.00031081641110655147,0.0003004558640696597,-0.007604641525072476,0.002175714877745605,0.004351429755491143,0.013758806464981399
-0.005754646840148675,0.004118959107806713,0.004669144981412654,0.0004758364312267949,-0.0005353159851300915,-0.003539033457249047,-0.007211895910780636,0.0019925650557621024,0.006245353159851336
0.05009428032683851,0.05648020113136398,0.009264613450660009,7.542426147081339e-05,0.0011439346323067756,0.0008548082966687853,0.003808925204274083,0.003934632306725372,0.005933375235700844
0.008942457231726281,0.042363919129082425,-0.01920684292379471,0.0016174183514774288,-0.0053810264385692145,0.0075272161741835155,-0.005241057542768268,0.002021772939346822,0.0042301710730948735
0.025750589199713035,0.0595757762065785,-0.003632544318065434,0.0,0.0018854390818730748,0.012204119274515767,-0.003381494005533414,-0.0020493903063839025,0.01949994876524227
0.012589832313015725,0.05455594002306807,0.009298198917576106,0.002289060420548339,-0.0041611214621595114,0.01084198385236449,0.004702333422056648,0.0019164226776683612,0.001153402537485615
0.022016318628128917,0.02747891024754533,0.005103028626745987,1.3829345871940735e-05,0.0005393444890056887,0.004729636288203609,-0.008242290139676344,0.007993361913981511,0.01608352924906653
0.02661770174786169,0.05836742283376724,-0.011091483822982483,-0.0005113425065079391,-0.0004276682781702679,0.014838229825213878,0.005029750836742309,0.010050204537002626,-0.006359241353663026
0.011428207414957304,0.03116320550388584,-0.027532169703146904,-0.00029303095935789836,-0.0009427952605427393,-0.018486431392534097,-0.0040259905720474,-0.003822142948146268,-0.007287552554465548
0.04861912934935249,0.030004680917459847,-0.00847246060227801,0.0,0.0007645498517709681,-0.01332501170229362,0.005133406147604947,0.0016539241691371886,-0.019893899204244014
0.01722419140451926,0.03891227292866636,-0.022064687638458147,0.0011741249446167279,-0.010002215330084196,0.0038989809481612793,0.001750110766504187,-0.001916260522817903,-0.000598139122729302
0.032699370409233944,0.07507869884575022,0.015293809024134264,-7.86988457503246e-05,0.000367261280167841,0.0011935991605455999,0.003816894018887673,-0.0008656873032529599,0.017162906610702987
0.042244725738396605,0.0670717299578059,-0.00251476793248947,-0.0003881856540084661,0.00027004219409281215,0.0015189873417721488,0.008691983122362846,0.0029198312236286663,0.0013670886075949017
-0.00013867488443762842,0.0773805855161787,-0.020785824345146427,0.0005084745762711562,-0.0009553158705701503,0.006209553158705683,-0.018782742681047803,-0.0036671802773497906,0.004114021571648663
0.048338637810311905,0.06561425843411839,-0.0018968809675366071,-0.005907065563335456,0.0012730744748567946,-0.006874602164226617,-0.001145767027371103,0.01610439210693826,0.031858688733290896
0.04261181596821735,0.08028963219274637,-0.017864923747276683,-0.0010636934512367024,-0.0008842752787389552,0.004562347814942957,0.007125464564910955,0.018979879533512756,0.007932846341150834
0.034240393819226035,0.04345685765075894,0.0059619855052646,0.0012170108026801519,-0.007261041980035554,0.0182551620402024,0.007425133324217137,0.013769998632572122,0.011978668125256386
0.013209176122348298,0.06938825851011346,-0.007165762210162807,0.0010976813024173749,0.0015540207202762834,0.016206216082881107,0.0027133695115934887,0.003971386285150469,-0.017365564874198314
0.02891681247017658,0.07122634006680455,-0.01926196914267535,0.0007952918721170655,-0.0036583426117384856,0.0029902974391601833,0.0016223954191188494,0.007714331159535559,0.0007157626849053855
0.02571786310517531,0.030926544240400665,-0.012120200333889797,-0.00012520868113519157,-0.0009348914858096746,0.0026794657762938432,0.0071118530884808125,0.004207011686143592,-0.014407345575959917
0.015437840290381172,0.035480943738657025,-0.021449637023593426,-0.00011343012704170263,-0.0033802177858438644,0.0015086206896552045,0.004673321234119843,-0.004162885662431881,-0.028607078039927347
0.013989417989418041,0.04265608465608471,-0.018021164021163973,0.0,-0.001449735449735412,0.008264550264550318,-0.003227513227513168,0.005724867724867788,0.006650793650793729
0.01437098255280076,-0.0029384756657483855,0.005984083256810551,7.652280379554233e-05,0.006167737985919819,0.01681971227425775,-0.0009335782063054576,-0.015426997245179052,0.002464034282216121
0.025639757695636013,0.0042403263691432325,-0.007009519100012407,-0.00046977376684391724,0.0009889974038817862,-0.012819878847818067,0.00895042650513036,-0.0009024601310421932,0.008369390530349807
0.02838289341797532,0.012629468760441086,-0.0046775810223855015,-0.0011693952555963615,0.001252923488139024,0.004326762445706689,-0.016622118275977215,0.004493818910791925,-0.00497828265953888
0.014206128133704744,0.08041434540389973,0.0022806406685236813,0.0,1.7409470752105526e-05,0.00927924791086352,-0.004213091922005541,0.006215181058495822,0.008913649025069647
0.0068140520896426415,0.056390066626287115,-0.0023924894003633955,0.0,0.0006511205330103186,0.006102362204724432,0.0008176862507571437,0.01053906723198066,-0.005572380375529951
0.03269939379531678,0.056709853797694054,-0.014774753357898495,0.003661000832045658,0.0002496136930940085,0.011636752644716508,0.005301319386663517,0.004172114584571507,2.3772732675619856e-05
0.03297927193977522,0.06990821903681553,0.008724347736413363,-0.0003609363720738057,-0.0023099927812725183,0.007620913684644748,0.0047231102402805255,0.007177477570382618,-0.01867587913787766
0.06211971133437103,0.08872223008348663,-0.01982453657846326,0.002872506013867293,-0.002419697184095093,0.008957124663930949,0.005589358992500371,0.004032828640158493,0.007895853969152423
0.03166666666666663,0.004131054131054091,0.01608262108262105,-0.0005698005698005937,-0.0020085470085470457,0.006111111111111067,0.015427350427350394,0.01025641025641021,0.004052706552706509
0.023256571800999402,0.04604605691940043,-0.01160112969802295,-0.00010862480990651014,-0.003139257006300189,-0.00045622420160758016,-0.0064088637844883275,-0.017564631761894357,0.013197914403649858
0.03386773547094191,0.006038392574622931,0.009925113384664074,-0.0002742326758780722,0.0006750342790844855,-0.0012762366838941052,-0.007667967513975327,0.01101149667756567,0.025830608585592253
-0.001974760458050939,0.008284645945314351,-0.043917971488665566,-0.00239541949053515,0.0018754381864921842,0.007081093713484471,-0.003972890862351003,-0.01200630988548725,-0.039588688946015416
0.01744608674582023,0.0415071480494306,0.027041434456021352,0.0016719166464744695,0.0027986430821420162,-0.002931911800339193,-0.0006178822389144245,0.012042645989823141,-0.016598013084565023
0.028094439787650204,0.046884604638167106,-0.016778429728974552,-0.0008941044984632218,-0.001830120145291958,0.010016764459346216,-0.004791841296451482,-0.001411008661637303,0.008577815032131907
-0.012061985201731152,0.027404718693284917,-0.0033505514449253372,-9.772441714367419e-05,0.007133882451486773,-0.007147843082507333,-0.004844338964121208,-0.0013262599469496372,0.006561496579645365
0.02006506180871831,0.04054651919323358,-0.01570592062459334,0.00039037085230974044,-0.002316200390370826,0.015679895901106078,-0.00776837996096289,0.005894599869876416,0.014677944046844516
0.023079254432489826,0.049280193968783206,-0.03159569631762382,-0.001166843461130418,-0.00028792241248669636,-0.005106834368843715,-0.0025913017123806227,0.008501288073950675,-0.004030913774814293
0.01644007768764989,0.07640808865531813,0.026710841997029545,0.0001942191248714198,-0.00262767051296704,-0.0028447389466469074,0.000822575117102664,-0.01477207814463618,0.015114817776762213
0.0076202069385270296,0.03353621424223975,-0.016920267802799826,0.000279975654290876,-0.00051125989044436,-0.005429093122337236,0.00626902008520992,-0.006682897139379251,-0.02793670115642124
0.02057636241309705,0.030130074007624984,-0.021193092621664113,0.001749271137026176,-0.0002466920834268249,-0.000549450549450603,-0.0022762951334380443,0.007490468714958476,0.002825745682888514
0.023236741388737065,0.019600874794969976,-0.020954073264078686,0.0003963914707491134,0.000792782941498138,0.0026243849097868145,0.0008747949699289715,-0.005481137233460842,-0.005508474576271127
-0.00034089698519225166,0.03707254713966128,0.011004580803238562,-0.0007457121551081025,-0.0023223607116224067,0.0020134228187919877,-0.008383935229572769,0.009843400447427342,0.009513156493022312
0.0419997669269316,0.028551450879850847,0.004603193101037184,0.00016315114788485464,-0.0057452511362312,-0.00956764945810511,0.0024239599114322607,0.010348444237268373,-0.007050460319310103
0.01887417218543049,0.03339276617422317,0.0009042282221090713,0.002967396841569081,-0.011691288843606684,-0.002649006622516492,0.008036169128884395,-0.0035404992358634368,-0.024528782475802303
0.031014492753623245,0.07182884748102145,0.010683229813664642,-0.000772946859903334,-0.0009661835748791647,0.01093167701863359,-0.0004554865424430066,0.004527260179434145,0.01530710835058664
0.03131437989287185,0.06437302568328528,-0.03705534953989835,-0.0008652657601977531,0.0024584535091333624,0.004161516275236932,-0.005067985166872679,-0.013624502128828453,-0.0017854690289795306
0.021681298217611,0.057967544559723284,0.006677307794626175,0.0009710029263101383,-0.0006517690875233129,0.00916467145517419,0.0010641127959563179,-0.0007049747273211616,0.016773077946262215
0.026200480192076797,0.029951980792316896,0.011314525810324088,0.0004601840736294216,-0.0074129651860744715,-0.00039015606242498446,0.005462184873949538,0.004431772709083603,0.0028111244497798725
0.03453117922391669,0.008727162917107113,0.007564547788011533,0.0005888570134380711,0.007398459912426447,-0.006568020534500918,-0.009768986863958884,0.002098746791484274,-0.006039559112184767
0.03323778812850827,0.04331780723754923,-0.017604203989012336,-0.0016003821808193374,0.0012301445121222776,-0.0060074047533739796,0.006998686253433617,-0.00013137465663444204,-0.016278514272064993
0.015244215938303319,0.0496015424164524,-0.005025706940874064,0.0007583547557840186,0.0035347043701799198,-0.01131105398457588,0.0033547557840616694,0.008406169665809727,-0.007133676092545016
0.045581057222972246,0.07605151106033856,0.008567867899054926,0.00015577941634644654,-0.003240211860006248,0.003655623636930083,0.0034998442205836588,0.005743067815972569,0.01052030325059714
0.0013086454127802182,0.05932061812613119,-0.00828344702770425,0.0005986356675484417,-0.002812195461506295,0.0024084644299039782,-0.01085897257413333,0.0075038284839204165,-0.0027425866629541386
0.02714116251482801,0.07389086595492292,0.02822064056939504,-0.0005219454329774443,0.0033214709371293337,0.012550415183867148,0.0013167259786477149,0.001992882562277609,0.019549228944246756
0.05517477724468811,0.0400137080191912,0.01255654557916377,0.00042494859492799855,-0.002796435915010298,-0.0026045236463331455,-0.0003152844413982558,0.0060315284441398,-0.007950651130911635
-0.011930344572063777,0.045868840311226323,0.011757441027541027,2.4700506360342268e-05,-0.0010374212671360183,0.004606644436210894,0.0015067308879831542,0.003964431270841007,-0.01675929356551814
-0.000873685769287702,0.08393306678513257,-0.013860506441581466,-0.000873685769287691,-0.0005330964015992312,-0.0121279431363838,-0.007803938990078451,0.005952909817858776,-0.030756700725603416
0.044962548792066695,0.05782255512184834,0.003418082076168416,-0.0019305833948728313,-0.0034075324401307673,-0.006783415972148932,0.00029538980905162714,0.00018989344867607061,-0.004726236944825368
0.027801047120418802,0.04589005235602091,-0.025510471204188513,0.0008769633507852981,0.003141361256544473,0.005392670157068036,-0.001819371727748742,-0.009541884816753965,0.0032068062827224743
0.028726513569937384,0.04481558803061935,-0.017606123869171864,0.0002783576896311812,0.0014335421016005822,0.0027139874739040117,-0.007084203201113426,0.006207376478775251,0.012929714683368154
0.010368663594470001,0.004920032529140644,-0.017904581187313657,0.001355380862022182,-0.005611276768772067,0.010870154513418218,-0.008349146110056983,0.006031444835998867,0.002588777446462409
0.042732408834103765,0.0525834617360041,0.022023626091422686,0.001242937853107362,-0.0014278376990241371,0.0035850025680534193,-0.0020133538777606596,0.010796096558808421,0.00466358500256806
-0.047948717948717946,0.03346153846153847,-0.04642307692307694,0.0025000000000000022,0.0025512820512820556,0.005576923076923079,0.00015384615384614886,0.008961538461538488,0.03133333333333333
0.006565478291563742,0.047523238028003324,-0.02508530415342978,0.0,-0.0010354159312860101,0.005188845746558435,0.0032239086951406206,-0.0002117896223084781,-0.0038239792916813565
0.02069980379332893,0.039633747547416595,-0.009892086330935279,-0.0007357750163505816,-0.0001144538914323534,-0.004774362328319204,-0.005117724002616131,0.017789404839764524,0.0025997383911052774
0.0025907279211243696,0.051048877700860064,0.02378854625550656,-0.0010803440318859158,-0.003849381162156529,-0.0019299349695825808,0.005601006922592788,-0.00422697713446617,0.004531151667715505
0.034180035650623906,0.05992275698158055,0.0011883541295306444,-0.00035650623885916664,2.9708853238297196e-05,0.0007427213309566527,0.006684491978609664,0.011096256684492023,0.014111705288175902
0.03097357065803663,0.06889158576051775,-0.016464401294498398,0.000552858683926627,0.005649946062567401,0.006917475728155309,0.006580366774541502,0.011097626752966527,-0.004274541531823095
0.019701162147205364,0.029404168972514338,0.016482198856299635,0.0007747648035418165,-0.006548607268031703,0.007175797823279884,0.007526286662977344,0.012977310459324898,0.012064194798007789
0.02501842299189385,0.043699336772291805,0.0037337263571603717,-0.00013510194055520451,0.003144190616556075,0.003291574551707166,-0.011274871039056788,-0.002714320805698889,-0.01086956521739133
0.03699413699413697,0.07554697554697554,-0.01430001430001433,-0.00011440011440013719,-0.00047190047190049934,-0.004290004290004301,-0.009581009581009603,0.0011154011154011045,-0.011997711997712013
0.0070258782347793255,0.00925115639454931,0.004000500062507806,-0.0005875734466808336,-0.0027253406675834535,0.014964370546318306,0.0012126515814476768,0.0019502437804725602,0.012701587698462313
0.02818193565060089,0.019278976611965398,0.00014213722703193543,0.0,0.002261274066416885,-0.011306370332084226,-0.002067450575009677,-0.0005556273420338154,-0.013864840418658686
0.011854022376132155,0.07092434736281303,0.023494938732019223,-0.004381992541289292,0.003862546616941953,0.010562067128396403,-0.00631326584976023,0.005394246137453406,0.01870005327650509
0.00962199312714775,0.057134319438219026,-0.03895114298520843,-0.0008964589870013473,-0.0005229344090841304,0.0028537277752875845,-4.482294935008735e-05,0.013880173315404143,-0.005378753922008072
0.044511593487913156,0.05721509620128269,0.019400592007893413,0.0010483473112974928,-0.0019733596447952806,0.010088801184015773,0.008411445485939806,0.006943759250123316,-0.01721756290083868
0.02442630385487532,0.0584761904761905,-0.015256235827664378,8.163265306124768e-05,-0.004943310657596345,0.009342403628117946,0.012743764172335637,-0.0027210884353741083,7.256235827668434e-05
0.02912596401028278,0.020064267352185104,-0.011413881748071985,-0.0020051413881747916,-0.0004241645244215664,-0.00010282776349613831,-0.016221079691516684,0.01281491002570696,0.025385604113110548
0.03711231358057273,0.09285997096476176,-0.0012405965421671162,0.0005279134221987336,0.0031146891909726304,0.016893229510360253,0.0011086181866173605,0.002613171439883799,0.023544938630064627
0.01654094238548163,0.07470208811632233,-0.06427243905105495,-0.0004919645785503079,0.002131846507051549,-0.00690936919208478,0.007969826172515616,-0.004952443424073427,0.005991035312124226
0.0006248264371007562,0.010719244654262671,-0.011982782560399918,0.0018050541516244968,-0.008108858650374917,-0.006123299083587941,0.0058178283810052635,-0.002235490141627361,-0.0067342404887531515
0.0040182648401826835,0.017146118721461222,0.019315068493150723,-0.0002511415525114025,0.0016666666666667162,0.009429223744292276,0.00047945205479457134,0.0015753424657534599,0.011221461187214659
0.02708469055374598,0.024560260586319264,-0.03697068403908789,-0.0008631921824103772,-0.0013029315960911615,0.0011400651465798383,-0.009218241042345232,-0.003648208469055342,-0.027345276872964137
0.0024507192328183216,0.06584976025572721,-0.04322056473095367,0.0002397442727756993,0.000119872136387833,-0.0009856153436334724,0.002637187000532748,-0.0017048481619605926,0.02742408098028769
0.009262890760179965,0.02848079363248359,-0.0025723843580574444,0.0012227477217672366,-0.006125273964701816,-0.01015111316184103,0.0003575960318376037,0.009516668589226007,0.0024454954435344624
-0.006111578357162861,0.06355480796187273,0.015601345668629096,-0.0030978413232408243,-0.0010513036164844336,-0.006728343145500426,0.003602467059153347,-0.005803195962994112,-0.007541351275581721
0.04653155761436017,0.04068326577880719,-0.005442964678633477,-0.002281412854661269,6.948465547192972e-05,0.006381007527504356,-0.0028720324261725327,0.011268094962362507,0.005825130283729019
0.01501747986016112,0.047362821097431215,0.0252621979024168,0.0,-0.004483964128286955,0.003283173734610145,-0.004605563155494752,0.0033135734914120476,-0.001413588691290457
0.02126374087438112,0.04536376604850213,0.01747923135017202,0.0015691868758915817,0.00031048082571114575,0.006301921624569917,0.0046068641436603055,-0.009582948728706898,-0.01925820256776034
0.05532339476464369,0.10996595844582693,-0.0022537856555934323,0.0011151543608404423,-0.0026646319990609514,0.017713346636929184,0.0042023711703250925,0.009590327503228024,-0.0025355088625426125
0.03666927286942927,0.017630961688819398,-0.020582486317435488,0.0,0.004085222830336221,0.008092259577795146,0.010652853792025041,0.009382329945269751,0.011591086786552008
0.012134681631292322,0.05789532170241135,0.007623069229914403,-7.778642071344377e-05,0.0026891876875208,0.008845427269696605,-0.0064673852650294905,-0.005089454383820446,-0.0019113234803867618
0.027440597420230882,0.06820095044127635,-0.015003394433129646,0.0010047522063815761,-0.007236931432450744,0.0011812627291242772,-0.0024711473183977816,0.00044806517311613003,0.02238968092328586
-0.005231090608408029,0.05033510314213596,-0.013108190443032453,0.000748542083732251,-0.002045434763686993,0.00747671685960487,0.005796849160066175,-0.006815214553050719,-0.008486378274871632
0.04581689566045434,0.07902326214120528,0.030363215888994675,0.00010882873078489341,0.0024622500340089728,0.002312610529179704,0.010053054006257644,0.015385661814719087,0.022296286219561978
-0.006732250800047379,0.048773260637667466,-0.010394690055706956,0.00028446130141049906,0.003295010074671123,0.0013748962901505624,0.0020149342183240827,0.004290624629607731,0.007976768993718186
0.02271880819366856,0.06910184787279763,-0.015885976221171695,-0.00326600773528144,-0.0022632860621687122,-0.005514969202119991,0.010929666236928825,0.02397937258272457,0.0138948574702765
-0.01805555555555553,0.041933221099887785,-0.021731200897867554,0.005036475869809232,0.002581369248035931,-0.013538159371492674,-0.0001964085297418483,-0.013622334455667767,-0.00890852974186307
0.03389519178822257,0.03364667747163695,-0.011615343057806603,2.1609940572642205e-05,0.0027984873041599244,0.004873041599135608,0.0022150189086979745,0.007855213398163141,0.014186925985953525
0.02748670212765958,0.01839095744680852,-0.005359042553191496,-0.0011702127659574458,-0.00019946808510638015,0.005744680851063844,-0.004986702127659559,0.005744680851063821,0.01926861702127658
0.010403772472737938,0.06853816681402883,-0.003566165635131191,0.0007957559681697091,-0.002652519893899241,0.006351311523725267,-0.0017536103743000853,0.007029177718832847,-0.027689360447981193
0.023420074349442398,0.023296158612143743,-0.025819533626225067,-0.0009575306973076403,-0.0003830122789230561,-0.00250084488002702,-0.00030415680973301386,-0.0010363861664976826,0.008426270136307312
0.037745021169829016,0.03368355025874231,0.003528304845538599,0.0,0.0016935863258584981,-0.003355809941979049,-0.004233965814646445,-0.0063979927865768,-0.02737964560138001
0.04677665995975849,0.03905030181086515,0.012788732394366153,-0.0008209255533199733,-0.0022454728370221886,0.010334004024144828,0.009609657947686067,0.003380281690140807,-0.008112676056338076
0.025633589711259574,0.04397932164922454,-0.0008952212835708351,-0.0004665237674946754,-0.0019291388223427464,-0.009191779094691743,-0.008561341571050329,-0.000870003782625195,0.002446097591728613
0.02621284965034961,0.06990821678321674,-0.014368444055944096,7.648601398599908e-05,0.0002731643356642888,-0.0009833916083916594,0.0061188811188810695,-0.009222027972028025,-0.0010380244755245128
0.027973463907755503,0.07510661822776815,-0.0134259990522824,0.00028431527404833014,3.1590586005370017e-05,-0.019491391565313532,3.1590586005381116e-05,0.014784394250513377,0.0007423787711262287
-0.0035250240615977203,0.061333012512030806,-0.022762271414821955,0.0010707410972088383,-0.00014436958614052475,0.01467757459095283,-0.0030798845043311096,0.006003368623676619,-0.010599133782483172
0.005791863590028673,0.0487813919006579,-0.01861736632378841,-0.001325178389398629,0.0018163284218329467,-0.00017607265313691612,-0.006310814567695344,0.008238346770456807,-0.005977203224909711
0.008093493807779517,0.07268445839874413,-0.0004884004884004977,0.00043607186464329485,0.0003663003663003539,0.022518751090179635,-0.002285016570730858,-0.005372405372405365,0.029059829059829068
0.03423662770102733,0.03809776833156221,0.006641870350690804,0.0006376195536663797,0.0012398157987956627,0.0066064470421537845,-0.0031526744597945022,0.005596882748848775,0.017162592986184964
0.04991150442477882,0.03594395280235992,0.0041002949852507855,0.0015044247787611154,-0.002713864306784586,0.007286135693215401,0.0024336283185841245,0.014306784660767013,0.006091445427728659
0.035364555614688674,0.05895423097392231,-0.017083555082490653,0.0,0.0005055880787653066,0.003006918573709427,-0.00023948908994144701,-0.007570516232038293,-0.03411389036721661
0.028891820580474913,0.07872691292875987,0.0010718997361477522,0.0002308707124010212,0.005590369393139815,0.007767150395778344,-0.0005606860158311577,0.003100263852242724,-0.00572229551451191
0.009070179883455732,0.012021788700278641,-0.013909298201165498,0.0005193818089687773,-0.0014568026349126239,-0.006207246009627609,-0.002381555611857167,-0.0004940461109704142,0.015328097289080267
0.00638019522994866,0.04203481936198046,0.003180034215558003,-0.0002918385830733672,-0.0018617288920197317,0.0006641843614773046,-0.0011069739357955188,0.008845728086947769,-0.003954915970614881
0.016679620705736087,0.07245453132286651,0.003995025648997419,-0.0035908596300326056,0.0007616974972797008,0.009839888077102477,-0.006948546556816371,0.012140525415824688,-0.007663609513446246
0.010173974972021532,0.028019127072947358,-0.0264828568521722,-8.139179977620926e-05,-0.0013327907213348867,-0.01022484484688171,-0.010407976396378105,0.001861837419879908,-0.0029504527418863003
0.048962236955895036,0.043240126837705346,0.0029403286249639394,0.00027385413663877367,-0.009152493513981008,-0.011847794753531316,0.006803113289132278,-0.012409916402421473,0.016416834822715453
-0.0018778026905829303,0.04969170403587446,-0.01021580717488788,-0.0006025784753363239,-0.004610426008968593,0.009655269058295978,8.40807174888103e-05,0.0040078475336323026,-0.00224915919282509
0.01776695730947799,0.05428603782131132,-0.007066017438568661,-0.0015853244253198895,-0.0015400294417393212,-0.011652134526101221,0.010553731174272486,0.0022194541954478676,0.0194315479560639
0.014888055460847805,0.008341857029207844,-0.02510512558245258,-0.0009319240822820984,0.0012160472780997633,-0.0017047391749062668,-0.006091601318331652,0.0062507103079895154,-0.00013637913399251468
0.004569334147831461,0.0641295051924252,0.008692730604764854,0.0,-0.0014538790470372208,0.0208552229688455,0.006792913866829608,-0.00031765424557110843,-0.0009163103237629144
-0.019758517409210075,0.03176712841632344,-0.009584425308873101,-0.002096593036316019,-0.002218270310745085,-9.359790340734975e-06,-0.021986147510295807,-0.0005147884687383252,-0.0018345189067765389
0.03337912087912094,0.06984890109890114,-0.020501373626373588,0.002541208791208893,-0.004590201465201449,0.010817307692307754,0.002209249084249143,0.008733974358974416,-0.005860805860805807
0.042851817334575916,0.06193849021435225,-0.013308480894687825,-0.0023299161230196153,-0.0016402609506057987,-0.012972972972972997,0.0022180801491145765,0.004920782851817307,0.00342963653308479
0.02035773557071736,0.037967914438502705,-0.0409183108980269,0.0,-0.00031347962382440866,0.004812834224598961,-0.0025447169463396315,0.014622902452517073,0.011746265904480958
0.02292054402290621,0.062190408017179656,-0.01294201861130998,0.0014745884037222433,-0.0018324982104509836,0.0035647816750178805,0.00632784538296347,0.004982104509663554,0.010422333571939868
-0.008757165507988728,0.015209171850225689,-0.001219660934260225,0.0011220880595194994,0.002427125259177987,0.0026954506647152597,-9.757287474078113e-05,0.007525307964385941,-0.006458104646908114
0.021042883601652608,0.04201453198461312,0.005128935745832686,-0.0003134349622453514,0.0003704231371989719,0.010058412879327494,0.0011967516740275853,0.0049864653084484515,0.014275537825901097
0.04198740377886631,0.03285014495651304,0.03945816255123459,-0.0009997000899730323,0.004118764370688766,0.004888533439967979,-0.0010696790962711367,-0.017774667599720108,0.006687993601919395
0.023809970894751696,0.07901136043563987,-0.011839263918880804,0.0,0.0018120364285044044,0.003229743686038933,0.010515444559196363,0.000779269552154771,-0.018383250399023544
0.039923148270836054,0.06686100437259834,-0.013992314827083675,0.0005300119252682478,0.0018682920365707845,0.014813833311249447,0.0071816615873856685,0.0062541407181661126,0.01812640784417644
0.022935497124075575,0.04983566146261298,0.00588537387017255,-0.0024034511092851487,0.0012736236647493792,0.007292522596548867,-0.0028348397699260674,0.0034716516023007293,-0.0011092851273623804
0.006209668888183628,0.012853062519834929,-0.0032264889453083923,0.00044430339574734744,-0.008039775732571697,0.011128742198243918,0.008082090341690462,-0.018978102189781042,0.010684438802496527
0.023108448928121063,0.03584489281210592,-0.035387767969735195,0.0014186633039091844,0.0014186633039091957,0.007140605296343005,9.457755359394415e-05,0.008748423707440112,0.0037042875157629164
0.015760142666072185,0.05098082924654477,0.004213107445385611,0.0,0.0008916629514043372,0.004012483281319634,-0.0045697726259474325,0.017654926437806494,0.01377619259919748
0.03230838189152848,0.07883460331689827,-0.004966382787987433,-0.000869565217391266,-0.00787987449574179,-0.003702375616315534,0.0029224562976244207,0.0076109367996414655,0.006028686687584051
0.004685898374579001,0.06539756919021818,-0.005095914482354668,-0.00010250402694391702,0.001361839215112004,0.004700541806999548,-0.00035144237809342505,0.004422316591008934,-0.016298140284082586
0.051205331820760015,0.039421440726035116,-0.009770277935337534,-0.0017158252977879317,0.000567214974475283,-0.005388542257515649,-0.0017867271695973241,-0.009826999432785066,0.014903573454339148
0.0322868900646678,0.10123456790123453,-0.007830687830687877,0.0045855379188712185,0.0008700764256319493,-0.0028218694885361884,0.0028218694885361107,0.004221046443268617,0.006572604350382083
0.03008403361344536,0.06134453781512604,0.024216959511077128,0.0,0.0033307868601985978,-0.0038349885408709206,0.009442322383498802,0.01456073338426278,-0.0016959511077158317
0.01973908111174135,0.028455284552845534,0.013934581206277163,0.0016354698430705362,-0.0021270561542824696,0.001758366420873514,0.005397995840423509,-0.0017583664208735029,-0.004480998298355054
0.011671087533156465,0.05425608873884732,0.0038461538461538104,-0.0008680974198215896,0.00042199180130212397,0.009633469978297527,-0.009030624547865962,0.011007957559681657,-0.008536291294912002
0.025821385902031018,0.055465949820788486,-0.020056750298685845,-0.0005824372759857144,0.0003285543608123831,0.009946236559139742,-0.005212066905615331,-0.003494623655914031,-0.00633213859020314
0.02140929109248474,0.060917743997726946,0.011066912913766169,-0.0019889188805228054,0.006265094473646859,0.004446654354311708,-0.009006961216081844,0.002301463276033533,0.008758346356016477
0.025637364878645746,0.06654089333061391,-0.0023251070772996097,0.0020803589638996645,-0.000978992453599814,-0.008270446665306953,-0.0053538649806240905,-0.001764225984091372,-0.010921884560473171
0.03886419204267612,0.067192709490998,0.012369415425650131,0.0007112691709268537,0.004312069348744185,0.0007334963325183353,0.008701933763058445,0.0020560124472104755,0.009635474549899969
0.03780813780813782,0.07561627561627564,0.010305910305910337,0.0005643005643005905,-0.001277101277101267,-0.012592812592812575,0.011211761211761229,0.0017226017226017354,0.002598752598752607
0.01487592568533197,0.07695205924386127,-0.01620111731843571,-1.299207483431708e-05,-0.0043913212940106415,0.012121605820449521,0.005313758607249597,0.005781473301286244,0.014655060413148013
0.017866981503345168,0.02921422012331108,0.010914338187065475,-0.000511609602518659,4.4408920985006264e-17,0.01355109536927721,-0.0050767414403777855,0.006047487865669688,0.0018234290961563926
0.039700511322132946,0.01813976138300464,-0.013148283418553675,-6.087168249330199e-05,0.0008400292184076008,-0.0028366204041879507,0.00745069393718042,-0.003981008035062061,-0.00043827611395176326
0.007989013613565776,0.041593026032959154,-0.005481251492715567,0.0,0.000776212085025052,-0.0026032959159302815,0.0042273704322904225,-0.0028660138524003176,0.006472414616670641
0.013035381750465525,0.0642050744878957,-0.0040037243947858795,0.007227653631284891,-0.0029911545623836243,0.014047951582867747,0.004050279329608919,0.006040502793296076,0.005179236499068873
0.015523627792120308,0.07657425075766076,0.004736783028398239,-0.0008867437422831137,0.0038837130991132285,-0.011280727354360786,-0.0030194185654955907,0.0019643057582219847,0.004916376697721358
0.02937563971340836,0.008074604799272134,-0.017411577391106613,0.0,0.00048902536108264,-0.007596952121005385,-0.017252359831684327,-0.012396224269305135,-0.030126236779256244
-0.0005155320555188858,0.03849306014540644,-0.006159947124917453,0.0,0.00421678783873094,0.013483146067415663,-0.008750826173165948,0.007309980171843944,-0.005697290152015921
0.009705546026300743,-0.0027587192681532424,-0.046497998856489434,0.0002144082332761643,0.0030303030303030164,0.0008290451686677969,0.001758147512864483,-0.0020154373927958823,-0.018939393939393957
0.033227628579922744,0.07702903577445253,0.006560301258547252,-0.0006044990585669985,-0.0050540085224456965,0.0010603508076504342,-0.00047567139034779824,0.012169259736398808,0.030938460013873802
0.027321018954485066,0.04297959676445729,-0.001183146203066554,-0.0010986357599903408,-0.001967886031631061,0.008233731739707827,-0.005855366413135388,-0.006531449957744817,0.018833755885548687
0.0225957190232138,-0.0017937895688875049,0.004763340367802282,-0.0010400964727162675,0.00021103406692801752,-0.005773289116671643,0.0005275851673199105,0.014666867651492378,0.013898100693397697
0.02581867798665861,0.07518192844147972,0.016115827774408766,0.0,0.000136446331109763,0.007459066100667111,-0.002274105518496039,0.0027137659187386532,-0.00463917525773192
0.020194874532835083,0.02130272290443145,0.0025627335824880302,0.0,-0.0002669514148424423,-0.00024025627335820808,0.001361452215696779,-0.0036572343833421892,-0.0038841430859583026
0.04830721003134796,0.017042842215256017,0.01460815047021945,0.0002716823406478608,-0.0017659352142110785,0.011692789968652051,0.009164054336468119,0.005684430512016736,0.011567398119122252
0.02839177998159702,0.08905019936611802,-0.009395767303956604,-0.0008179122789080285,0.0017687353031387797,-0.00303649933544623,-0.00119619670790303,-0.006420611389428466,0.00636949187199678
0.04251896813353561,0.04423368740515929,-0.0005007587253414658,-0.001866464339908991,-0.0002579666160850147,0.018679817905918016,0.003899848254931659,-0.002352048558421904,0.002943854324734396
0.017836437646478305,0.0565437276427778,0.003540150487233196,0.000542740841248246,-0.0015542124090292876,-0.0004687307265326734,-0.01089182188232397,-0.0035401504872332955,0.004514616997656295
-0.007112616426756979,0.07871295512277732,-0.01834038950042336,0.0006096528365791887,-0.0038950042337002498,-0.012074513124470776,0.005588484335309063,-0.005012701100762051,-0.006773920406435208
0.03217735365995579,0.07174444315140228,-0.0019899918538345053,-0.002187827301291745,-0.002886070057023149,0.004177819155126261,-0.0016525078552310113,0.017200046549517057,0.029547305946700818
0.012458017166314206,0.035912426918770966,-0.010063440726458539,0.0017663888543350769,-0.0017663888543351437,-0.01782560019902977,-0.0063005348923996,-0.0010697847991043897,-0.011058589376788197
0.010977777777777763,0.0015407407407407258,-0.004000000000000009,0.0,-0.0015555555555555767,0.0028592592592592615,-0.005244444444444463,0.003955555555555534,-0.027111111111111134
-0.004312626498520944,0.0886657325237428,-0.014759458197104159,-0.001852716799003562,-0.002273081114743891,0.002475478748248472,-0.001852716799003562,0.002335357309668373,0.01114743889148372
-0.004258765243902496,0.022589557926829214,-0.017044588414634222,0.0024199695121950747,-0.0040777439024390905,8.574695121946752e-05,0.001714939024390183,0.012557164634146311,-0.0019435975609756518
0.020764969102919188,-0.004251012145749034,0.0015022373748135088,-0.0012784998934583847,-0.0018538248455146511,-0.00705305774557855,0.006786703601107985,-0.003899424675047991,-0.008651182612401493
0.05441339406623171,0.0505601378800936,0.015609996306783225,-0.0009602363658746671,0.001575772497845651,-0.005268989289671289,-0.00023390373014894327,0.005859903976363423,-0.013049365997784057
0.036329246021393126,0.041612314114270785,-0.006665797025828368,6.522306287499724e-05,0.0020740933994260135,-0.011296634489955682,0.006026611009653004,0.005791807983302877,0.0022958518132011217
0.035036691127418265,0.06416277518345562,-0.013475650433622444,0.0,9.33955970646827e-05,0.0075383589059372594,0.0038559039359572942,-0.0023082054703135514,0.013262174783188784
-0.03519684199295848,0.016472847540808733,-0.05588392190333937,0.002475194708204437,-0.0014723140936732993,-0.01265336605142428,-0.007158860556918783,-0.006252000426757681,-0.005302464525765466
0.022664727598165346,0.08788455084461351,0.018066897863295694,0.0020695827273744527,0.0017339747175299514,0.002036021926389986,-0.007182011410672329,0.01961069470858039,0.00449714733191634
0.033038297872340486,0.07378723404255325,0.018757446808510693,0.0011063829787234746,-0.0002553191489361062,0.024782978723404302,-0.006042553191489308,0.0036595744680851363,0.018791489361702173
0.041344823917438066,0.02277901904457925,0.014299393552505623,-0.00014895201617193266,0.0011277795510160836,0.01270347909352063,-0.003308862644962207,-0.00267049686136821,0.008846685817640221
0.018542469842059428,0.06563860216390995,-0.033640094515607524,-0.0010695187165775445,-0.0019151846785225857,-0.0001243626414625276,-0.009439124487004114,0.008618331053351557,0.0022012187538863136
0.015982203969883674,0.03631074606433954,-0.02676249144421624,0.0012149212867899272,-0.0013518138261464196,0.01168720054757023,-0.0009582477754961794,-0.016889117043121092,0.006365503080082191
-0.010018856065367721,0.08306725329981142,0.009138906348208641,0.0013702074167190159,-0.009289754871150269,0.0009553739786297589,0.003356379635449369,0.0051414204902576754,-0.009340037712130744
-0.02307458605499013,0.013079143247759351,-0.01708947288470305,0.0021266899589852508,-0.003660944857967502,0.009387817104663515,-0.0026887437338599662,0.012152514051344366,0.00151906425641804
0.05564915758176413,0.08495540138751241,-0.010173439048562915,0.00023785926660060407,-0.0018434093161545872,0.013617443012884067,0.0036273538156590844,-9.910802775023875e-05,0.0092368681863231
0.028492527615334586,0.06860515486246477,-0.0017868745938921626,-0.00016244314489931576,0.0012237383582412553,-0.0023066926575698865,-0.00011912497292618785,0.0018518518518518047,0.011750054147714916
0.03030349478847334,0.03913243408951564,0.007158185162477004,0.001425505824647444,-0.0026670754138565346,0.006483752299202961,0.002467811158798283,0.01606376456161863,-0.002007970570202311
0.017657045840407483,0.058900352618519024,-0.010356536502546653,0.0005354577510774505,-0.0003526185190021902,0.0033302860127988,-0.007039310434896129,-0.00514561838840275,-0.0031082669452788037
0.014206961726256106,0.09549535359899197,0.006016695542605144,-6.300204756654049e-05,0.0013702945345723694,0.018758859662939043,0.006111198613954971,0.009576311230114964,0.012474405418176094
0.024626053848245837,0.03432145771008973,-0.017459885776448213,6.799020940980726e-05,-0.0044057655697579915,0.002134892575469116,0.006336687516997541,-0.01249660048952953,0.01627685613271687
0.03325957843251429,0.04141143589146386,-0.019640153720740638,0.0,-0.004192383836031199,-0.007429835798299744,0.0031326423663677883,-0.004448585070455313,0.007884010713869826
0.0288556701030928,0.0038144329896907304,0.006969072164948442,-0.008515463917525768,0.004422680412371138,-0.0018659793814433056,0.001577319587628856,0.017432989690721656,-0.001577319587628867
0.030374035802648792,0.034434580119342126,0.012763789841362205,-5.821568912824926e-05,0.000145539222820501,0.006170863047591302,0.0009168971037694318,0.00753893174210446,0.029297045553776713
0.03216990061523904,0.028750591575958405,-0.011500236630383288,0.00021296734500714232,-0.0017510648367249694,0.006282536677709472,9.465215333654964e-05,-0.01125177472787502,-0.01740416469474676
0.003382137628111237,0.06045387994143481,-0.015563689604685271,-0.00014641288433386856,0.0009663250366031661,0.006017569546120027,0.002606149341141972,0.004040995607613429,-0.010307467057101071
0.003962492437991588,0.018345432546884494,-0.0017846339987900085,0.0021324863883848133,0.003009679370840945,0.010254083484573562,0.003554143980641322,0.016454930429522136,0.0142619479733818
0.02646202478995094,0.01732800931702854,-0.052233591215373076,0.0,0.00014141918309625856,-0.010897595873887334,-0.006621745279094898,0.009325347308876153,-0.011292737709009215
0.007903323262839924,0.0986102719033233,0.007830815709969841,-0.0006767371601207994,0.0004592145015106075,-0.0014622356495467947,0.004422960725075575,0.011033232628398826,0.0017885196374622715
0.04391642769356824,0.059784241431107485,-0.0005052574081660377,-0.00019117847876550797,0.004192270927215624,0.010296326642086595,-0.006349856616140903,0.003113478082752974,-0.005434931039191582
0.02087075139252017,0.02778219847675343,0.00034102534955094966,-0.0009094009321359842,-0.0015118790496760682,-0.0023189723769467376,0.007172899852222314,0.00651358417642377,0.0011367511651699136
-0.0013732072017088814,0.06480012206286238,-0.04137931034482759,-0.0017851693622215393,0.002334452242905094,-0.00730851388465058,-0.01266402197131522,-0.0013579493439121015,-0.0268919743667989
0.03509433962264149,0.0553986609860012,-0.01381618989653075,0.0,0.0036275106512477008,0.0008642726719415462,-0.000779062690200849,0.005465611685940341,0.011351186853317086
0.0022039596563317443,0.02135475034242314,-0.026223384385506143,0.002602415639397354,0.000958784709251681,0.0037977835885942115,0.009500684846220919,0.010185531067114945,-0.01896401444402935
0.0012594766446563654,0.0255441428222059,-0.02717045732452923,0.0,-0.004230863291758391,-0.01257031058938619,0.0012961604304230767,0.00502567865003668,-0.0076669112252384704
0.019853278312700645,0.02469815069539972,-0.022879413113250747,0.00029038667278010746,7.64175454684879e-05,-0.0014519333639002817,0.0016200519639310018,-0.005150542564572769,0.013663457129757051
0.02383561643835621,0.07368671828469331,-0.006170339487790277,-0.006587254318046421,-0.0024657534246574795,-0.007444907683144697,0.0053603335318642585,-0.0017629541393686331,0.015044669446098913
0.023739309938071385,0.061294603361840186,0.0005455617811855107,0.0012975523444411774,0.0036125036862282634,0.003096431731052818,0.0029932173400177065,-0.00013270421704509873,0.0005308168681804837
0.056756454677545545,0.11084162289035433,0.022432100145300116,0.0,0.0,0.0038560411311054144,0.00041354644014753863,-0.004280764502067757,-0.005923773331843074
0.0036731810689899004,0.040652225100070646,-0.01275017659524369,-7.06380974805576e-05,0.008688485990110694,-0.005027077937367541,-0.0052625382623027964,-0.009901106663527181,0.0012714857546503478
0.044240601503759344,0.02335338345864658,0.00040601503759394306,-0.0003007518796992681,-0.012315789473684247,-0.004887218045112829,-0.003263157894736901,0.007864661654135296,-0.019533834586466202
0.05290396779758481,0.08500287521564112,0.015411155836687718,0.0015181138585393494,-5.750431282350865e-05,0.009292696952271372,0.008004600345025824,0.007797584818861392,0.008959171937895295
0.023224868612322445,0.02227440456222739,0.030683215923068274,-0.0004137314100413736,-0.0006373700100637758,0.0030638488203063585,0.0010063737001006045,0.017074807111707436,0.028636922732863647
0.030148776589204444,0.07679822943563257,-0.011262756670355378,-0.0016967908520841401,-0.003061600885282212,0.009652034919463892,0.004623140292634909,-0.008557727775728542,0.007401942702569752
0.03679942070963075,0.009210716871832048,0.012251991310644505,0.000564808110065218,-0.0002461984069514478,0.0037074583635047452,0.015669804489500394,0.010195510499637983,0.00024619840695152553
0.03293488960765016,0.05698214034594294,-0.02309098579665302,0.0012797074954296384,0.0027562930670792184,0.011489242019406588,0.008901701589087374,0.021009703276613743,0.02780199690620171
0.006055312954876246,0.09902474526928672,-0.004206695778748204,2.911208151379352e-05,-0.0007423580786026562,-0.00694323144104807,-0.007016011644832632,0.003901018922852961,0.025851528384279444
0.046014760147601405,0.07005535055350548,0.012416974169741635,-0.0026845018450185054,-0.008357933579335841,-0.00674354243542441,0.009714022140221356,0.006420664206642013,0.002389298892988878
0.006249267206003018,0.014057920037519012,0.01128502755305425,0.0013248915464883827,0.0008441786844881616,0.004537460429124118,0.0032829171063430084,0.0032477429944893443,0.009719779575565668
0.027896341463414596,0.036166158536585336,-0.012423780487804936,-0.0018038617886179443,-0.0010035569105691588,0.013224085365853611,-0.0015879065040650953,0.008130081300812964,-0.008130081300813063
0.018312757201646053,0.013408779149519856,0.018148148148148097,0.00048010973936895017,-0.0015363511659808205,0.0010288065843620964,0.0030041152263374227,0.004636488340192024,0.0024417009602194393
0.02760072158749244,0.05799158147925432,0.011485267588695069,0.0003607937462416722,0.00176788935658444,0.0039085989176187,-0.003716175586289905,-0.00260974143114856,-0.004197233914612175
0.03770716510903423,0.040523364485981275,0.014143302180685302,0.0,0.004573208722741385,8.7227414330171e-05,-0.008947040498442405,0.003426791277258512,-0.021420560747663586
0.02482623148987606,0.04371411302508309,-0.00114838319734063,-0.00024176488365066363,-0.0018585675430643823,-0.0013750377757630772,-0.0065427621637957345,0.004170444242973681,0.0015865820489573412
0.019724661761215245,0.06280560170899593,-0.0038333728934251245,-4.7472110135315936e-05,0.0031806313790647468,0.006515547116069243,-0.009423213861856206,-0.0015428435793971463,0.010384524092095837
0.0033366045142296684,0.0321463619795318,-0.03744567503154349,0.00021029020047669267,0.0003224449740642399,0.01801486050750039,-0.004682461797280224,-0.0023832889387354174,-0.017720454226832983
0.03157345847998957,0.08648155390431495,0.02922695867553121,-0.0005605527310650338,-0.0029461608655977243,0.0028940164254986356,0.008473471516099585,0.0026854386651023244,0.01673836527180289
0.011902927580893652,0.06276322547508986,-0.006009244992295848,0.0010015408320493192,-0.004224447868515691,-0.00409604519774015,-0.006510015408320502,-0.0026194144838212917,-0.01281458654340012
-0.0030688348208827267,0.061780168724783,-0.015527570607653729,0.00121041692138405,-0.007959408240616195,-0.013877002078493683,-0.0014182662917226695,0.011664017606064336,-0.01178628194155762
0.03351166274341962,0.05400171196233681,0.0003744917611812615,0.0008666809330194591,-0.004322704900492214,-0.0019687566873529128,0.011994436122405295,-0.0016691632784078814,-0.008345816392039407
0.01195751389926154,0.045680856360468036,0.028163637872375802,-5.8086465853401935e-05,-0.003128371089536064,-0.003991370010787432,0.0006721433905900632,0.011758360302049676,0.008215085884988848
0.021372328458942637,0.012084203760244262,-0.018608388237184637,0.0,0.003920938454121803,-0.006813434035031318,-0.01462317210348706,-0.002860356741121628,0.01815844448015428
0.026750844222581137,0.0440023491410953,-0.004213771839671099,0.0,0.003288797533401866,0.007076787549552199,0.004977242695639405,0.011334605784759954,0.014755542504771702
0.013197090405264966,-0.01737097332871494,-0.02386560443366819,-0.002303429165223436,-0.0029269137512989317,-0.02009005888465537,-0.0008486317977138946,0.0012816072047107442,0.0019224108070661384
0.005823846614739325,0.003157579388855564,-0.016393049730377494,0.0007549430796884082,-0.002480527261833476,0.010245656081485888,0.009718394248052686,0.008184541641701593,-0.00558418214499703
0.011045437753971165,0.05875507942371624,-0.013040265977096444,0.0014222386405614794,-0.005670483930550451,0.02644994458810489,-0.000517177687476944,0.002789065386036171,0.012486147026228267
0.016014702021527917,0.04725649776844313,-0.02403517983722765,0.00038067734313463887,-0.0013651877133106227,0.009398792333945883,-0.00036755053819903516,-0.004948805460750894,-0.011879758466789226
0.06244894170070553,0.07202933531377645,0.02531563312291123,0.0,-0.005077979948013389,-0.0038154474563683815,0.0012996658002227823,0.022010768659487544,0.015271073152617887
0.021538242820585696,0.11229741256752912,0.027011657662780762,0.0007676997441000921,-0.0016349161216946406,0.010932613022462323,0.0023741825419391293,-0.0039095820301393355,0.023571225476258152
0.02174856413529034,0.09400127632418634,-0.0008806636885769215,0.0017230376515634637,0.002807913209955304,0.0002552648372686317,0.005258455647734495,-0.008104658583280178,-0.00015315890236122787
0.02730620338022849,0.052327447833065796,-0.010102917571522995,0.0009253139458030412,0.0001982815598149279,0.007175904069492955,0.006562175431970541,0.0024265886129732793,-0.007421395524501939
0.00589567021979065,0.024658051127252178,-0.027082350721629955,-0.0006886142816714957,-0.0028110555607960943,-0.009810395245731485,-0.006942741250825335,-0.0026223941137627936,-0.014347703046882331
-0.005882352941176472,0.010741023682200146,-0.006692131398013756,-0.0024904507257448305,0.0027196333078686073,-0.016852559205500363,0.0020015278838808382,0.0024293353705118646,-0.02259740259740258
0.039824975691068146,0.04007501041811359,-0.01237671898874847,-0.000361161272398991,-0.0050840394499236385,0.00451451590498676,0.008056674538130259,-0.0008056674538130748,-0.001583553271287752
0.01191963531993917,0.06527097754516288,-0.04024987337497896,0.0,0.0034273172378861405,0.00501435083572509,0.0017389836231638922,-0.00597670099611688,-0.007681917946986383
0.010697351682664492,0.061431710419798766,-0.005574187579507372,0.0,-0.0017809644963571291,-0.0028680467214062923,-0.0027986584942754967,0.00030068231756675835,0.009772175320920517
0.0005770155473633464,0.052716781535502466,-0.012373777849014288,0.0,-0.0032857829780413737,0.006972271197307256,-0.009584869370091398,0.0076614842122134765,-0.0020836672543676827
-0.012426352437064792,0.060498125334761656,-0.028950187466523825,-0.0005088377075522122,-0.003990358864488464,0.002155865024102854,-0.004566148901981782,0.005074986609534015,-0.014421531869309046
0.025195855446045023,0.005281779125600222,-0.00034116755117509777,-0.0008086934546372882,-0.001731109426333055,0.019989891331817077,0.0019332827899924744,0.0019964619661359873,-0.009148344705585
0.0184526921066388,0.01868269733403035,-0.017532671197072615,-0.001453214845791906,-0.0004704652378462959,0.004960794563512849,-0.002373235755358016,0.007882906429691628,0.022875065342394207
0.025143464399574898,0.052996811902231634,0.0035281615302869217,-0.00043570669500531123,-0.011317747077577068,0.0007226354941551327,0.0005313496280552332,0.0012646121147715018,0.012635494155154048
0.011722402013664207,-0.00498621598945218,-0.0013544288625194246,0.0004674577490111576,0.004674577490111509,-0.0024331775140836063,0.003332134723720526,0.004698549682368491,0.0057653122378041825
0.02734357352608996,0.10206686243505765,0.028461712220465386,-3.388299073859846e-05,0.001321436638807394,-9.035464196966991e-05,-0.004901739326857868,0.008561102326632097,-0.013304721030042876
0.00561999447666392,0.034976525821596265,0.003866335266500975,0.004018227009113484,-0.006655619994476647,0.02112676056338029,0.0024440762220381386,0.007677437172051949,0.0029273681303507494
0.0114797966283115,0.022558201766122592,-0.019815359914369814,-0.0012309339042011925,0.00145838908215149,-0.0014316296494514048,0.006208188386406221,-0.0010168584426009986,-0.018263312817768253
0.026885004212299966,0.018544650379107047,-0.014595619208087551,0.0002527379949452957,0.0022009267059815095,-0.0013900589721987711,-0.0036225779275483984,-0.0003159224936815086,-0.014153327716933372
0.028582509210781492,0.09399844871049065,0.02090362613922827,-0.0002714756641457705,-0.000891991467907649,0.007116540624394074,-0.00017452006980799294,0.0069420205545860595,0.006748109365910448
0.030053191489361718,0.036893617021276616,-0.018351063829787205,-0.0007446808510638059,-0.00029787234042552015,-0.004287234042553168,0.008712765957446833,-0.003234042553191463,-0.010159574468085098
0.009781729991915872,0.03512530315278896,-0.0013877661007815068,0.002869846402586862,-0.00800323362974945,-0.0007545136081919202,-0.002303961196443061,-0.013271355429803334,-0.031905146860684484
0.04400620429869262,0.06037004210059821,0.018014624418346947,0.001739419454908031,-5.551115123125783e-17,0.017316640815422047,-0.00340128517615782,0.01928872147130508,0.023243961887879416
0.023844308765809043,0.08018970780636724,-0.0026929786306148728,0.0,0.0,0.015220235499345869,0.008264282599215033,0.011164413432184939,-0.004252071522023504
0.02042122100773127,0.040229272194081546,0.01356971474273525,0.001159690749133513,0.0008531058384430356,0.0020527859237536306,-0.004532124766728896,-0.02140762463343112,0.004958677685950386
0.0064187530682376145,0.08303878252331863,-0.00181639666175748,0.0003313696612665673,0.0007977417771232176,0.0013500245459008519,-0.02061855670103092,0.008738340697103598,-0.005780559646539019
0.051433579566796006,0.05581570051333414,-0.02764492299987483,-0.0013647176662076154,0.0013897583573306393,-0.005859521722799599,-0.007374483535745613,0.007274320771253251,-0.006773506948791808
0.02932767829092054,0.03107131636820612,0.004791077599748695,-0.0005340873389883428,0.0006283380458687148,3.1416902293457397e-05,0.002748978950675496,0.00992774112472512,0.011200125667609195
0.019546120058565097,0.028887262079062902,0.002547584187408458,-0.003396778916544696,-0.0030307467057101413,0.0010541727672034652,0.005080527086383557,0.010424597364568045,0.007262079062957494
0.005820702999032623,0.05178974524346991,0.0037568526281845037,0.001483392454047139,-0.0023540793292485596,-0.0027249274427603607,-0.000967429861335023,0.00627217026765563,-0.007836181876813874
-0.022072013518783358,0.06271935525802672,-0.009294163525282773,0.0009879110880020136,-0.0037826595606395897,-0.012881840634342955,-0.01168594826465621,0.0028727414532691785,0.00556349928506431
0.04059458502919833,0.046505043355158336,-0.003760396390019516,-0.0009909750486639668,0.003317996814723023,0.009883206512121722,0.007104937179260274,0.0017872942841974492,0.013050787471243986
0.020966721498165218,0.040339111729722855,0.002682525623181042,0.0016069846893584372,-0.0019992407946349934,0.005149943059597572,0.005061369100341606,0.0021763887131468706,0.005921801847399677
-0.018477789031977988,-0.009217189986977264,-0.020098393864853115,-0.00027492403414843827,0.0009549992765157111,0.001794241064968899,-0.005845753147156685,-0.004717117638547213,-0.013644913905368233
0.01797710284795161,0.012706973223578449,-0.01613208439776701,2.838489923363552e-05,-0.001476014760147537,0.010322641687955391,-0.004579430409688645,0.007928848519254484,0.008884473460119257
0.016620013995801274,0.0626895264753907,0.023244693258689098,0.0001982738511780102,-0.00022160018661064872,0.007126195474690944,0.0005248425472358486,-0.007674364357359453,-0.022894798227198497
0.0343150144622667,0.06710491717065478,0.009492505916381854,-0.0023928477517748624,6.573757559825699e-05,-0.0017354719957927479,0.01008414409676579,0.020299763344727894,0.01655272153562981
0.02920595013618272,0.05619107479572599,-0.019578881206788145,0.0014456316781898515,-0.0022313010685103387,-0.006693903205531082,0.0026293735596061517,-0.000429499266708544,0.003886444584119042
0.004432548179871565,0.011402569593147782,-0.003351177730192667,-6.423982869377954e-05,-0.002130620985010645,0.00019271948608141632,0.0001927194860814274,0.005053533190578175,0.01782655246252681
0.013888043808944367,0.05215241861880138,-0.007940371159111625,-0.000943109218132021,3.3306690738754695e-17,0.008989960450258627,0.0067386674779434715,-0.006130209917858187,0.00033465165804690835
0.03583525789068519,0.06692327431357459,0.0003464203233256802,-0.0012188863228123625,-0.0034000513215293295,0.010200153964588187,0.006569155760841705,0.012176032845778862,-0.00880164228894017
0.017599378192316262,0.07890295358649793,0.016588940706195897,0.0037752609371530356,-0.004963357761492304,0.015456362425050007,0.009915611814346015,0.004619142793693132,0.005407506107039784
0.033963932107496486,0.04066478076379068,0.005286421499292804,8.840169731261227e-05,-0.0007602545968882435,-0.004084158415841555,-0.01106789250353606,0.0016089108910891103,0.004649929278642173
0.01227997227997224,0.06266112266112261,-0.008821898821898867,0.0,-0.0019542619542619933,-0.010741510741510774,-0.008011088011088074,-0.0030630630630631207,-0.00950796950796955
0.04046416546416544,0.0029341029341028945,-0.017340067340067388,-0.001118326118326174,0.0033549783549782996,0.003078403078403025,-0.0006974506974507299,0.007154882154882141,0.013179413179413152
0.018825638727028204,0.042637830569251425,0.0026109367996413834,-0.00036978933213810405,-0.0010645450470641137,0.010376512774540537,-0.010219632451815364,0.006600179291797359,-0.01196772747646797
0.019527267109531954,0.016499304804572873,0.008782635563108343,0.001096863896184197,-0.006426695504402846,-0.0017611617488026755,0.0014676347906689812,0.01741078325351464,0.017858798084350445
0.02466988727858289,0.03578099838969401,-0.014444444444444482,0.0001127214170692059,-0.002834138486312443,0.007117552334943611,0.00297906602254423,0.006328502415458892,0.007085346215780974
0.02325331036710083,0.07149316395736888,0.014544084400904244,-0.0011841963612875927,-0.002142318871783866,0.004037033049843852,-1.0765421466296665e-05,-0.00444611906556146,0.014694800301431754
-0.03454626466656767,0.020481211941185178,-0.018461309965839928,-0.0015297787019159625,0.0003713055101737639,-0.0072478835585920165,-0.00014852220406954552,0.00791623347690477,-0.0014555175998812008
0.007237354085603065,0.06200111172873816,0.02564758198999436,-0.000755975541967846,-0.0010450250138966833,0.01918843802112278,-0.0003891050583658129,0.0043579766536964385,-0.00324624791550866
0.036937347931873456,0.08175182481751822,-0.0034063260340633007,-0.0018932481751825158,0.004820559610705566,-0.005276763990267675,0.006637773722627705,0.0001976885644768722,0.01416514598540144
0.035072501294666006,0.10605903676851378,-0.01404712584153287,0.0017348524080787575,-0.002071465561885011,0.0025116519937856464,-0.004803210771620869,0.003417918177110335,0.009269808389435563
0.02798082684242057,0.01926303175554221,-0.01535350509286999,-0.0009736369083283791,0.0019173157579388423,-0.0038645895745956114,-0.006695626123427223,-0.007953864589574599,-0.002426602756141427
0.01479374110953055,0.055559506875296316,-0.03907064959696542,0.0,0.00048601232811754656,-0.002655286865813222,0.005251303935514429,0.006258890469416745,0.01306306306306303
0.019217391304347797,0.07499999999999996,0.009289855072463738,0.0018985507246376265,0.0004782608695651835,-0.007391304347826133,0.001202898550724607,0.009347826086956479,0.012231884057970977
0.04508990318118948,0.0339280774550484,-0.022060857538035984,-0.0010235131396957088,-0.003430152143845078,-0.011798063623789767,0.00598893499308435,0.007510373443983376,0.0017289073305670865
0.019878446486807044,0.057678624369997065,-0.006878150014823559,0.00014823599169886404,0.0017195375037059256,-0.00109694633857097,-0.0014971835161576852,0.0028016602431070515,-0.006626148828935618
-0.008006797281087557,0.03755497800879651,-0.010875649740103943,0.0012894842063174816,0.0018992403038784688,-0.0022890843662534853,6.997201119553487e-05,0.007067173130747717,-0.026279488204718083
0.00550589917769041,0.04140150160886669,-0.005595280657847657,-0.000393278512692119,-0.01070790132284587,-0.0008223096174472255,-0.0073114050768680276,0.0039506614229531944,-0.0016446192348944844
0.05229618407347793,0.06139570116466246,0.033349114667171685,0.00027459520878705403,-0.0026891392860524223,0.005444560174225943,0.0038443329230186786,0.010860713947542854,0.01051036833633181
0.05862111343246893,0.06848961533734788,0.016529433452132192,0.00019663266560154824,0.0012904018680102713,0.0008848469952070226,0.002654540985621201,0.0019909057392158867,0.0015853508664126492
-0.028424153166421183,0.04617753380639981,0.01478109519346633,0.002235908421475452,-0.003655107778819089,0.011313428839202055,-0.002597402597402565,-0.0045253715356808,0.013616280626589917
0.026927604473219534,0.07422993917990976,-0.028968020404159335,0.000804394742005099,-0.004100451245830916,-0.006454777319992178,-0.00035314891112420144,0.0014812634883264674,0.0021385128506964724
0.03746138725077226,0.037559674248806525,-0.01288963774220725,0.0,0.0019938219601235542,-0.0004212299915753781,0.005054759898904815,-0.0032996349340072674,0.010966020780679597
0.011577040958484285,0.053872945110058544,0.00022290331568686206,-0.0016299804959598375,0.0001811089439955782,0.0018528838116467438,-0.007077180273056527,-0.014795207578712688,0.002995263304541684
0.0697151065357913,0.10135264543931058,-0.01344266219774951,0.0004309312903998497,0.0002513765860665984,0.01097677759157295,0.006224563083552848,0.010952836964328538,0.024563083552789154
0.026080974842767314,0.05958136792452828,0.0011595911949685567,0.00022602201257860833,-0.003557389937106914,0.004196147798742134,0.0060731132075471875,0.001120283018867929,-0.002279874213836475
0.008244541484716117,0.030620087336244505,-0.013781659388646339,0.0011528384279475335,-0.0020262008733624827,-0.003528384279476027,0.005362445414847117,0.006078602620087292,-0.0017991266375546266
0.016604171549097702,0.03215373798921957,-0.024255917506444846,-0.005765174595734746,-0.0031872509960159555,0.0007147879071947138,0.0037965783923130715,0.003796578392313077,-0.006269041481134307
0.033623802794787314,0.02592243680326588,-0.0025278693672475595,-0.0009891662741403073,0.011186999528968488,0.0016643115088711413,-0.008729784895587955,-0.002834039880671979,-0.011139896373056934
0.044008040822638,0.0019174269367558505,-0.012617906293490033,-0.00029379928869646135,-0.00010824184320396002,0.005520334003401883,0.007576929024277079,0.00041750425235813625,0.009324261635998143
0.010806354916067185,0.049715227817745816,-0.011555755395683431,-0.0005995203836930196,-0.004016786570743369,-0.00271282973621102,-0.0038818944844124514,0.0009442446043165687,-0.0008243405275779158
0.017853910795087274,0.03321266968325793,-0.017078215901745318,0.0007110536522301203,-0.005559146735617304,-0.0149967679379444,0.003594053005817699,0.0018745959922430555,0.005274725274725278
0.02087314225053079,0.042343418259023366,-0.00959394904458597,0.00018577494692143537,0.0016188959660297319,0.00573248407643312,0.0018710191082802585,0.006090764331210208,0.010973991507431002
0.008057510858169858,0.06311217612700319,0.004942339373970384,0.0,-0.004657780440317482,-0.0037441964954320396,-0.002710798262692793,0.012310918076980704,-0.01073835554889917
0.0021636167922497894,0.05129171151776106,-0.017136706135629665,-0.0014424111948331043,-0.0009687836383207471,0.008320775026910709,-0.007524219590957981,0.003369214208826743,-0.012228202368137753
0.034258254534180785,0.06660982793365373,-0.008293287862346876,-0.000635560378235922,-0.0036738490156564274,-0.0032398077817392236,-0.0026972562393426823,0.001798170826228529,0.00291427685630139
0.04629597350531639,0.08197664284469239,-0.016071117308697903,0.0,-0.0002788914066584991,0.0066933937598047995,0.005072337458602106,0.00012201499041314401,-0.0003834756841554321
0.015229639747310952,0.029895851118319994,-0.023100563428376263,-0.0006658698992657919,0.000324398156052641,0.006385521598087774,-0.0022537135052074107,-0.003858630698309684,-0.011114905241591233
0.026696879184262,0.06845195179730143,0.010299721907508474,0.0009269749716757425,0.0018333504995364902,0.00672571840560302,-0.00122566690699355,0.005294057060459334,-0.01825110722010509
0.01422436007558835,0.050420889881463635,0.008761381205978335,0.0,-0.0007043463322453536,-0.005359903796598564,-0.00438069060298919,0.006132966844184806,0.007438584435663931
0.012696083963435273,0.012571944475792806,-0.0035774743256969054,0.00011285407967495109,7.899785577247798e-05,-0.005315427152691577,0.0006658390700823747,0.001737952826994682,0.005958695406838954
0.028580277502477703,0.10452180376610505,0.021171952428146668,0.0009167492566897861,-0.007581764122893964,-0.004967789890981189,0.00564915758176413,0.0013255698711595598,0.012809712586719502
0.041572846301392755,0.07572345926111253,0.012792928029355378,-0.0003669418730714247,0.0019347844216496158,-0.0029438745725960612,0.01115002918855813,0.005178884163122388,0.024826953548494745
0.03870746745832385,0.06041333637816859,-0.004099109385704447,-0.0005823247316738556,0.00463576158940403,0.022619319479333246,0.012502854532998441,0.007947019867549721,0.004338890157570286
0.006673197012366783,0.0341006489531039,-0.012501530549773533,-0.0007101750948941387,-0.000881596669523732,0.014362679074323448,0.0011877066242193645,0.002412146443002272,-0.01668911473001109
0.011359807460890525,0.0008182912154031663,-0.01362214199759324,0.00116726835138391,-0.010950661853188891,-0.005186522262334503,-0.00783393501805051,-0.010902527075812251,-0.00783393501805051
0.012957630604689407,0.062484574249280146,0.010420951597422201,-0.0004662004662004504,0.0006718771424653935,-0.0013026189496777585,-0.004291786644727813,0.007527766351295773,0.008254490607431797
0.03446688446688449,0.060810810810810814,-0.002420552420552413,0.0015444015444015635,0.00363825363825363,0.005598455598455609,0.0034452034452034596,0.004633204633204646,0.0014998514998515234
0.028071757867308134,0.053417518540789785,-0.006694728402485417,4.008819402688824e-05,0.005712567648827471,0.009981960312687966,-0.006113449589095976,-0.02009420725596306,-0.007255963118861453
0.031096475614097542,0.0490566037735849,-0.023033107867568535,0.0006229975080099814,-0.0015663937344250756,-0.011872552509789969,-0.004236383054467807,0.004716981132075471,-0.004983980064079752
0.03384161837958727,0.049313815187557175,-0.011649893260140298,-0.00043712513977839373,0.00297855037104805,0.0015655179424621025,-0.0020331401850157693,0.0023076141099928837,0.0074311273762325825
0.03274400935125656,0.05093512565751024,-0.0025423728813559255,0.00011689070718877703,-0.00048217416715371495,0.01065166569257744,0.001607247223845698,0.010169491525423725,0.006575102279368783
-0.003384077350339443,0.02595145031886441,0.018555852705204656,-0.0013988891174655516,-0.0008434478502365895,-0.001954330384694536,-0.007045875334293383,0.016148940547212488,0.005523554824110266
0.04412811387900352,0.014907077896401699,-0.006352972189271178,-0.00026360880453411004,-0.0033478318175827583,0.002412020561486694,0.005469882694081929,0.0065374983524449145,0.0094108343218663
0.007974717590102265,0.0448762775685853,0.008499193114577775,0.0011968800430339432,-0.01042227003765459,0.007799892415277088,-0.006858526089295269,-0.002891339429800921,-0.024892415277030632
0.03789450206312027,0.06071149771383959,0.018612690978030533,0.0,-0.002843760455001676,0.0013159362105497952,0.0018066242890598882,-0.0020742723318835756,0.00567636890821902
0.01628578603716723,0.0317302862882973,-0.013322451029633375,-0.001017076845806153,0.00030135610246103675,-0.003340030135610261,-0.000426921145153214,0.014665996986438945,0.000533651431441473
-0.012302483069977476,0.03921494858289436,-0.002307499372962196,-0.00016302984700280465,-0.000777526962628583,-0.011161274140958166,-0.014760471532480602,-0.0028342111863557174,-0.011086029596187652
0.028594878529218614,0.05851936966513457,-0.03369993434011823,0.00024622455679574885,0.007501641497045264,0.006483913328955959,0.003003939592908689,0.0035784635587655543,-0.012081418253447196
0.0018808777429466627,0.041945596116897514,-0.017342501769643092,0.0,0.0014561634138941849,0.0009910001011224135,0.0003438163616138745,-0.00031347962382447523,0.012053797148346607
0.037645056475321056,0.07793594306049818,0.0348444994584558,-0.0024292124400433156,-0.00561658672443136,0.006916292743308039,0.00032492650471916963,0.006498530094383392,0.026272628810150078
0.016321718627194094,0.0773513230285564,0.013426774954152421,0.0,0.0013361278490960915,-0.01003405816085936,-0.0024495677233429937,0.013819753733298346,0.013741157977469175
0.025833428800549917,0.07831366708672247,0.007171497307824526,-0.0008019246190857698,-0.002085004009623048,0.010642685301867382,-0.0018215144919234594,-0.005636384465574485,-0.0008935731469812858
0.029995422293430933,0.018951705195696927,-0.014499885557335824,0.0011902037079423167,-0.004634927901121621,-0.004634927901121577,-0.0005722133211261582,0.0004806591897459023,-0.009555962462806189
0.03646179401993355,0.02747982914095868,0.01218557190317986,-0.0013051732320835785,-0.002313716184148107,-0.002467963929757977,0.0012102515424774474,0.007439487422876101,0.01502135738016136
0.027842076798269368,0.05055705786911846,-0.023007030827474274,0.001060032449973003,0.00023796646836132807,-0.00040021633315301397,-0.0015251487290426802,-0.002801514332071342,0.0077122769064359555
0.034811217295942345,0.0353908820303932,0.006203979320068909,0.000485665047783157,-0.0013159956133479978,-0.011373962086793078,0.012000626664577763,0.011358295472348411,0.004558984803383959
0.015028675703858163,0.02021637122002083,-0.023813868613138688,-0.001407716371220047,-0.0019030239833159768,-0.0007820646506778162,-0.0031412930135558013,3.910323253386583e-05,-0.0023722627737226554
0.010346083788706762,0.10546448087431695,-0.015130540376442004,0.0002671523982999524,-0.0015421979356405658,0.0074559805707346775,-0.010443230115361257,0.005780206435944147,-0.005112325440194287
0.00431516422082463,0.04905660377358494,-0.01191474493361282,0.0005939902166317568,-0.000314465408804987,0.0015024458420685115,-0.01107617051013272,-0.01689378057302583,-0.017190775681341686
0.002865556688186699,0.052893872465737936,0.018348623853211055,-0.00043039981877899256,-0.0025031147355305873,0.005957639596783371,-0.005266734624532743,0.006988333899648924,0.014010646732359322
-0.004940154893217585,0.016604083548462784,-0.002980521004459058,-0.004494250176015046,-2.3468669326465186e-05,-0.005245247594461422,-0.0056090119690213715,0.006183994367519341,-0.0026754283032152217
0.04261626829720218,0.05820826385028721,-0.010172317954419119,-0.0009357050213081308,-0.003668704836019998,-0.0075690198258291375,0.008699277376320202,-0.009764684083750207,0.008940151936260899
0.034885916601101456,0.015373721479150226,-0.0024075531077891845,0.00011014948859161544,0.0011329661683713188,0.011974822974036148,0.0006294256490951722,0.01712037765538942,0.008135326514555407
0.04754329004329004,0.05576839826839828,0.009145021645021645,0.0,-0.00391774891774892,-0.004632034632034631,-0.0070887445887445775,-0.015205627705627722,0.01062770562770563
0.05429557216791262,0.08303622771707882,0.019102932719954037,0.00027602070155264836,-0.007268545140885529,0.024036802760207053,0.002300172512938514,0.0038987924094307292,0.018953421506613034
0.04062052505966583,0.030230708035003957,-0.015576770087509984,9.546539379471364e-05,0.0017024661893396576,0.0008591885441527003,-0.01648369132856009,0.002163882259347627,0.008273667462211576
0.018898512103042414,0.0166333555407506,-0.006950921607817018,0.0012769264934487934,0.002209638019098381,0.0017321785476348995,-0.0075283144570286505,-0.00570730624028426,-0.01266933155673996
0.017957351290684577,0.04082491582491578,-0.004657687991021375,0.0,0.0019079685746351994,0.00562570145903476,0.0039001122334455405,0.016217732884399504,0.02424943883277212
0.026109160548994613,0.05743696137887011,-0.010389403127992292,0.0002393871688477489,0.0010373443983402453,0.010006383657836005,0.0038621129907437267,0.009208426428343497,0.03801468241302273
0.039864227795587445,0.07139355082029045,0.015208372619272159,-0.00015085800490284297,0.0018857250612861255,-0.003271732981331277,-0.006741467094097642,0.0030925891005091797,-0.0018102960588345708
0.013172043010752666,0.076008064516129,-0.003521505376344114,-0.00033602150537636043,-0.001935483870967758,-0.006142473118279579,0.0024596774193548,0.0032123655913978257,0.0037231182795698704
0.05549814520402753,0.06948860625331212,-0.0312533121356651,-0.0005696873343932207,0.0012718600953894876,0.006372549019607832,0.00577636459989399,0.010426603073661866,-0.002431107578166425
0.03223195329087051,0.02957802547770702,0.0182059447983015,0.0,0.00015923566878982552,-0.008240445859872592,-0.00424628450106157,-0.005347664543524411,0.0063826963906581935
0.022761537047251333,0.04946681375252804,-0.026392719249862105,0.0005883434454863057,0.0010387938959367405,0.004136789851075584,0.006526935098363685,-0.01142673285530429,0.0044861187718330696
0.024752475247524774,0.04127736717333706,0.0419188397713011,0.000934318783991106,0.0018965276809371323,0.0038767257007391144,0.0058429786640636135,0.013652210291451684,0.019076837261190936
0.038768430182133586,0.06595217445174084,-0.03200346921075452,0.0010903233800025225,0.0016107049931855188,-0.0044728038656919435,-0.006033948705240955,-0.0016107049931854411,-0.004051542559781907
-0.013722536095417515,0.06341494036409287,-0.02487131198995609,-0.0011048336472065823,-0.004620213433772802,-0.005285624607658556,0.0064030131826741665,-0.014312617702448249,-0.021707470182046506
0.02821330902461261,0.05875113947128537,-0.01684898207231842,0.0,0.0011090853843816807,0.008933454876937152,-0.00890306897599511,0.008553631115162597,0.000987541780613821
0.020291908743092023,0.06882527986396492,-0.008998157857446443,0.0011619668414340589,0.0007651976760663759,0.0038684993623353094,-0.007836191016012429,0.0037693070709933995,0.014708799773274817
0.015759654092738974,-0.007439988072163351,0.009184434173251876,-0.0008796779484120498,-0.0005367526464887029,0.0036678097510064677,0.012091844341732572,0.010884150887132881,0.019188907111972624
0.041723972493203275,0.10298256836718375,0.0028786182632336344,-0.0008316008316008316,0.0023028946105869254,0.01068287222133375,0.006045098352790668,0.010442987366064294,0.01098672637134177
0.02071136827773994,0.02057522123893803,0.022847174948944827,-0.0036504424778761257,-0.005539482641252558,-0.0017188563648740996,-0.004901293396868634,0.0019741320626276313,-0.008662355343771277
0.03787557661139516,0.043510784191497384,-0.005710011220546008,-0.0006732327639944579,0.0024186510410173943,-0.0031791547188629197,-0.003677845655155154,0.002169305572871283,-0.01661887545193861
0.009686346863468637,-0.022170971709717092,-0.01812730627306272,-0.0004305043050430224,0.0024753997539975537,0.007272447724477249,0.004120541205412065,0.007825953259532614,-0.004535670356703547
-0.002716593245227594,0.04211453744493393,0.008986784140969173,-0.004243759177679873,0.004654919236417032,-0.0020411160058736886,0.010910425844346571,0.01187958883994128,0.041071953010279015
0.03138079713955201,0.0811336628457251,-0.0124934272794195,0.002187401409191292,-0.0010095698811652177,0.003133873172783674,0.00400673046587442,-0.009233357871490166,-0.006888211168366831
0.014146948941469445,0.0073349937733499125,-0.026699875466998813,0.00083437110834369,0.008505603985055999,-0.004782067247820698,0.011581569115815638,-0.012478206724782125,-0.0037982565379825915
0.03555625790139065,0.056521281078803186,0.0022650653181626513,-0.00024230931310579296,-0.002043826380109559,-0.003044669195111671,-0.004393173198482947,-0.0030973451327433676,0.0030815423514538366
0.013004938584272546,0.0652273015069014,-0.0003165759149043712,0.00022793465873121032,-0.0035709763201215326,0.009560592630112708,0.00037989109788529876,0.007192604786627865,-0.005976953273394936
0.029043984005816058,0.009554101538834348,-0.0006785411365563987,-0.0008602932267054552,-0.001538834363261865,-0.002726281352235571,-0.0034532897128317086,0.009014903671392205,-0.0025808796801163325
0.0009355376137382798,0.03438421120082017,0.004382929642445199,0.0,-0.0006023324362425031,-0.008624887863642216,-0.0028450595924644716,0.0021914648212225884,-0.030219146482122296
0.019562826505361508,0.05757492438823201,0.012235358812207798,-0.000577398955182895,-0.0011273027220237153,0.008509760791861354,-0.00974704426725328,-0.0027220236458620263,0.031825680505911426
0.034181773032033735,0.09977650856717155,0.010578594487211278,0.0005711447727836605,-0.0005090638192203123,0.017953811770548733,0.0029674695803327154,0.006381922026322273,0.002085920039731759
0.04174252275682697,0.1130689206762028,0.021638491547464177,0.0008192457737320579,0.001560468140442084,0.004902470741222309,-0.007230169050715285,-0.0027438231469441134,0.0105721716514954
0.015278773111652627,0.05718790311021933,-0.030872867994840136,0.0034542066790884786,-0.005905116812383493,0.004586498495055225,-0.0070804070517413885,0.00660742439443891,-0.019535617027375617
0.02703909103205735,0.06669822805356418,0.0017313675098065695,-0.0009468416069254859,0.00789936426349248,-0.003570945488976074,-0.003597998106316791,0.0010144731502772842,-0.024726092249425125
0.05139019476158498,0.07164539959704501,0.014210879785090702,-0.0022834116856950805,-0.00530557421087976,0.005641370047011452,0.004956346541302914,0.0028072531900604656,0.00895903290799196
0.015029021558872247,0.027808872305140914,-0.03241086235489225,-0.0010364842454395062,-0.001409618573797744,-0.0015443615257048626,-0.0003109452736318796,0.0108623548922056,-0.019859038142620265
-0.0025660004934616844,0.06841845546508754,0.0097952134221564,-0.0011596348383913658,6.168270416972987e-05,0.015173945225758666,-0.012607944732297104,0.01188008882309397,0.016654330125832673
0.01586091677978487,0.027524276913438395,-0.007914795865093504,-0.00327868852459019,-0.002579095750234983,-0.007685078834708192,0.002787929414221524,0.0018795029758796767,0.001858619609481016
-0.0021629084215370577,-0.0027611596870685817,-0.006872219665592899,0.0,-0.00010737843227491272,-0.0001687375364319843,-0.017947537965945726,0.0050314465408804855,-0.02330111980365087
-0.006984704246443418,0.04084928869397801,-0.026355759974328773,0.0,-0.00041715691517805185,0.006792170285592103,-0.0051449352871964504,0.0009305808107819447,-0.030623596106535412
0.024270072992700766,0.05108085345311628,-0.029772599663110567,0.0022599663110612457,-0.0012492981471083132,-0.0020774845592363535,0.00207748455923642,0.006035934868051718,-0.010696238068500796
0.03371752097866754,0.07355171367910227,-0.013173592154483816,0.0023253462743908827,-0.0056819330704680595,-0.02115054089576377,0.00014154281670208935,-0.0018804974218986303,-0.0010817915276513323
0.024088145896656477,0.045549283543204463,-0.0029743812418584923,0.0007056013894919388,-0.0036365610073817002,-0.0006730351715154459,0.006176726009552702,0.0036365610073816335,0.005677377333912215
0.03885893416927899,0.03726645768025079,0.009805642633228839,0.0003636363636363549,-0.0032100313479623945,0.008652037617554852,0.005467084639498432,0.01445768025078369,-0.015147335423197494
0.018820261870122944,0.02597540007935454,-0.025274434598598117,0.0011241899219679552,0.0022351540801480605,0.010329321518317624,0.003372569765903932,0.0022616056077238043,-0.014006083851342466
0.048817458611051426,0.06527628466996348,0.020629972049021738,-0.0016878090733175588,-0.007170500967533844,0.01803913136959797,0.0007740270909481928,0.006288970113954018,0.016211567404859194
-0.0039815143974404445,0.06277995023107004,-0.0191610380376822,0.002044081052257396,-0.006505510131532144,-0.003697120511908969,0.0015819409882687596,-0.00033771773906858814,0.0012442232492001493
0.031875349357182746,0.04264952487423137,-0.004751257685858079,-0.0003773057574064098,0.004457797652319695,0.008552263834544382,-0.003563443264393562,-0.011556735606484115,-0.021422582448295167
-0.003429405326523205,0.04540921804694146,-0.004998175848230613,-0.0017268636750578325,0.003563176456281103,-0.0037212696096315502,-0.0004621184482549445,0.0008026267785479435,0.02680286999878385
0.029400596691076735,0.028152969894222918,-0.0105234608082452,-0.001871440195280738,-0.0015730946569026626,0.0038106861947382444,0.0018850013561160562,0.0060482777325738925,-0.00926227285055603
0.007551978537894033,0.03200536552649229,-0.005124077800134153,0.0006304493628437435,-0.0034607645875251447,0.009765258215962446,0.006505700871898068,0.005539906103286396,0.001247484909456731
-0.0023161984459055375,0.05963837417812314,0.0004333532576210497,0.0002540346682606276,0.00013448894202033879,-0.007352062163777628,0.003586371787208642,-0.0014046622833233323,-0.0011730424387327854
0.009347006129184376,0.025895803866100926,-1.1786892974979812e-05,-0.0008368694012258037,0.0004479019330504763,0.006871758604431899,-0.0025223950966524965,-0.004974068835454937,-0.004137199434229133
0.038058186738836264,0.031207713125845738,-0.0007442489851150147,0.0,0.0011671177266576293,0.00904939106901218,-0.00461772665764546,0.011451285520974297,-0.008152909336941827
0.027539223781998346,0.04545829892650699,-0.005367464905037189,-0.0023121387283237317,-0.0035507844756399788,-0.0004954582989265211,0.0036471235893201113,-0.005505092210294549,0.009867877786952906
0.024537236332328866,0.020619888075764103,-0.019436074042186825,-0.002798105897546288,0.00206629358588033,-0.003788204907447279,0.00442315970727507,-0.002453723633232907,-0.014862247094274661
0.009436798889788356,0.06828958020122586,-0.019185844801665342,0.0014340233607031184,-0.0015265409968775346,-0.01228171620215105,-0.0020353879958367018,0.0026483173354920784,0.0014224586561813468
0.020189639222941667,0.018281683626271927,0.007417900092506891,0.0026364477335799608,-0.0034458834412581683,0.0114824236817761,0.003561517113783508,0.015321461609620658,0.018987049028677105
0.0073049001814881834,0.04281609195402295,0.0004990925589836159,-0.00142165759225652,0.0010284331518450984,-0.0022232304900181798,0.0013006654567452648,0.004794313369630954,0.011705989110707759
0.021039265481539383,0.05873217425278378,0.007794491111545265,0.00047860910334053265,-0.0025981637038483773,-0.00031256104707948483,0.0025883961711272276,0.0015432701699551131,4.883766360620489e-05
0.022026590010779702,0.06242663792070905,-0.004563420768954407,0.0,0.0022397891963108927,-0.002347586537309898,-0.0338962750029944,0.0074619714935920236,0.024194514313091352
-0.001709154113557404,0.025434530706836565,0.003201042873696347,0.0003331402085746671,0.002650637311703319,0.012253765932792537,-0.004099073001158804,-0.00044901506373121733,-0.010023174971031357
0.009539989545216876,0.09189754312598009,-0.0045347621536853564,0.001163094615786664,-0.004992158912702616,-0.008154730789336173,-0.011134343962362825,0.017354939884997322,0.0016466283324620412
0.015450594693504094,0.012934583714547105,-0.03008920402561759,-0.0015210430009149234,0.00257319304666056,-0.0028591033851784074,0.004128545288197616,-0.0070791399817017545,-0.007502287282708142
0.01323507737656594,0.07369196757553423,0.0003831982313927562,-0.0005895357406043078,-0.00670596904937365,0.006175386882829747,0.004023581429624145,0.0021518054532055687,0.007501842299189365
0.037121733149931266,0.014614855570839125,-0.01564649243466295,-0.0023211829436037834,-0.0022352132049518027,-0.015766850068775727,-0.0003438789546079235,0.009301925722145854,0.009095598349381085
0.03637472058524691,0.047251574883153825,0.015362731152204833,1.0160536476322424e-05,0.0032818532818532863,-0.007467994310099579,-0.001625685836212154,0.0028551107498475782,0.007173338752286118
0.006977875030391401,0.01220520301483099,-0.017238025771942667,0.000206661804035968,-0.0005227327984439923,0.0033916849015316773,0.0003768538779479358,-0.0013858497447119423,0.004485776805251607
0.011624326404926855,0.0754169874262253,-0.017256864254554784,7.698229407238077e-05,-0.003887605850654363,0.005927636643571987,-0.01109828072876572,0.011483192199127534,0.00561970746728252
0.027991160686099092,0.05647690203093756,-0.006334841628959342,0.0,-0.0007576554772177557,0.008534147111438461,0.0011890981795222078,0.00010522992739130377,0.004046090708197369
0.001610120759056899,0.05248993674525586,-0.012420931569867778,0.0015066129959746654,-0.0007130534790109721,0.01553766532489933,-0.0028867165037377964,-0.0014031052328924987,-0.006532489936745278
0.05340738516961874,0.049459621735214634,0.018087661362954078,-0.0016661663164215246,-0.0016961873311317933,0.0021014710297207915,0.009726808766136297,0.011422996097268101,0.03432903032122486
0.01662143826322927,0.07736770691994568,0.014179104477611892,0.0010719131614653431,-0.0006512890094979906,0.00888738127544092,-0.00428765264586165,0.016241519674355442,0.020094979647218413
-0.008976139376341407,0.04905946218911749,-0.04187602575432399,0.0014392122206791536,-0.002966797121575604,-0.010339603585405954,-0.006198712283802576,0.000290367377856271,-0.002790051761141321
0.04141619279718391,0.10113728675873276,-0.012889249932304303,-0.0009612780936907317,0.0005009477389656403,0.0071757378824804045,-0.019022474952613,0.015624153804495045,-0.012604928242621138
0.032371321440745345,0.022236109533007607,-0.0044313146233382564,-0.003101920236336775,0.0005681172594023121,0.0023520054539256986,0.002158845585728886,-0.015032382683785928,-0.006487899102374739
0.0003015075376884335,-0.007035175879396988,-0.01584589614740368,-0.00016750418760469454,-0.0013567839195979814,0.013785594639865988,-0.005912897822445562,-0.009179229480737027,-0.012462311557788947
0.03471862369157427,0.06942688361488238,-0.0008187376930251844,2.0727536532283432e-05,0.0012540159602031364,0.004124779769924347,0.00961757695097939,0.009161571147269176,0.01151414654368329
0.01529122705593291,0.04470299176181527,-0.010752998988293138,0.0017632605867899831,0.0008816302933949749,-0.0036855036855036995,0.0029484029484029505,-0.004335886688827895,-0.04254950137303082
0.006265640038498599,0.03406159769008667,0.0012897016361887003,-0.00010587102983633523,0.0003561116458133284,0.0009624639076034946,-0.00208854667949947,-0.006573628488931627,-0.016891241578440776
0.053748584371460906,0.05036240090600227,0.007644394110985253,0.0,-0.0007361268403171084,0.012933182332955817,0.009037372593431504,0.017100792751981862,0.02817667044167609
0.03975352112676052,0.09627934272300465,-0.01065727699530521,-1.1737089201913076e-05,0.0016314553990609993,0.0033215962441314195,0.006338028169014032,0.005492957746478821,0.0038380281690140404
0.016618650492797604,0.03777103866565585,0.014541319181197932,0.0006671721000758635,-0.0020621683093252074,0.01331311599696745,-0.001182714177407107,0.0183017437452616,-0.02074298711144803
0.028004722550177153,0.06629279811097999,-0.014120425029515871,0.0022432113341204762,0.0023258559622196364,-0.0024203069657614427,0.003931523022432171,0.0029515938606848313,0.016245572609209013
0.0068756809103014405,0.04891659605374654,0.0013315579227696662,-0.004503086793366406,-0.00025420651252872073,0.007614090303837351,-0.002505749909211941,0.010870354678610361,-0.01662026389057014
0.08135569531795947,0.0970230607966457,0.016897274633123693,0.0002096436058700246,-0.006582809224318653,0.009797344514325668,-0.003647798742138364,-0.0032704402515723375,0.020391334730957354
0.02148771929824559,0.04920701754385962,-3.3306690738754695e-17,-0.0010245614035088058,-0.000435087719298255,-0.002049122807017578,0.003354385964912243,0.00036491228070173465,0.01251929824561403
0.015711526078557653,0.009645846748229252,-0.03966516419832579,-0.0008113329040566275,0.0005280103026400806,0.01559562137797812,0.008139085640695432,0.006104314230521579,0.004488087572440474
0.002432011501138087,0.05664310530729601,-0.005043728285611615,7.188211333409855e-05,0.002527854318916933,-0.004864023002276308,-0.004300946447825593,-0.010962022283455164,-0.01050676889900567
0.010471050049067699,-0.004003925417075583,-0.021315014720314045,-0.0001668302257114951,-0.003199214916584919,0.005966633954857692,0.0037978410206084166,-0.00011776251226694456,-0.000942100098135451
0.024525763487151908,0.0606686398493206,0.009847975245526708,0.0,-0.0028655993542311296,-0.004964348177048295,-0.004385846898964074,0.010453383559800888,0.008906228978877972
