total_claim_charge_amount,days_taken_for_claim_filing,patient_age,LOS,count_of_unique_HealthCareDiagnosisCode,mins_mean_quantity,count_of_holidays,count_of_lineitems,units_mean_quantity,noise
0.013046825731519041,0.01749223311112742,-0.008005602219221686,2.1666041188672656e-05,0.0010705345708769466,0.0,0.08960068712302052,0.014957693185643139,0.00018106620136262296,-0.006153929484773846
0.0018161235067573056,0.019834554811118,-0.005148334634352025,-0.0006466864717481147,-0.006254878820278098,0.0,0.10314353258034566,0.007123910011431744,0.00520900773582047,-0.004299651129666515
0.014812670042969068,0.02772702663806633,0.0035084533199926326,-0.0008878213255299027,0.004159156792467078,0.0,0.0956489559276037,0.014676293011876474,0.00018195026007581384,0.006616341943132864
0.033209222282088634,0.029529718297400132,0.00755482464958066,0.0004933615330797835,0.00907592218800013,0.0,0.10658820596537225,0.00021270436104254832,0.0022882807536730885,0.0030365658498926807
0.011915957543075284,0.019641187372852108,0.004909961692244291,-0.00019304695800221873,-0.0019964943208668263,-4.021811625032345e-06,0.10449236358517693,0.0050704990062774066,0.00048027133822433623,-0.004531911399489908
0.024947729081515713,0.011829751932337883,0.00015681275545308403,-0.0017873281804324126,-0.0012922719976258268,0.0,0.08582513860224197,0.0020368796622287633,0.002706284650560542,-0.004922234362564537
0.01282809463441723,0.027405581330006302,0.005629496824000502,-0.0011275718237495514,-0.001762102749187977,0.0,0.092086927726359,0.002859904803636637,-0.00039302785313131137,-0.0006492485641939383
0.008051005394801414,0.008758018636586628,0.010096714075527258,-0.0005704757233937708,3.9234919078645625e-06,0.0,0.08572358999509569,-0.00018989700833736966,0.001759686120647419,-0.0008109857773417994
0.01734553876556888,0.015746643925710103,0.0031055881075706337,-0.0011910680907036507,0.0013336186442278407,0.0,0.13268876147799438,-0.004242531043293774,0.003756348691870559,0.002939436469025969
0.03161823252026018,0.018041280217562815,-0.002186898966358486,-0.0007656873188945923,0.00620403058386384,0.0,0.0949655876995568,0.008698876919217457,0.003589568328322057,-0.00507731405905173
0.015947358531806077,0.02975999202401993,-0.0002630539567380241,-0.00011043664656059659,0.005004735738142396,0.0,0.09944666638546218,-0.0006317513028073595,0.004350743721791617,0.0025902762066545293
0.03461705863259468,0.031192643630676663,-0.00018590102983264689,-0.0020430670719112087,-0.0012186845289031468,0.0,0.08590619375018446,-0.0016115111097996348,0.0020471244356576324,-0.00017594204609162613
0.01683189583453081,0.01803443341572102,0.002461042320247109,-0.0015059703343810681,0.002488572111413967,0.0,0.07792988071432246,-0.0003766438461841104,6.685806426238727e-05,-0.0014572637807781508
0.02799961536543851,0.013837584494953514,-0.005083942931627605,-0.0007539549692647917,-0.00048257391750297087,0.0,0.09956514925957852,0.006968296140120988,0.00022579473335571087,-0.003582443569123783
0.006424253391239099,0.024435351991850283,0.00427892606294572,-0.0008578628491769713,-0.0020186585169695735,0.0,0.11056779797329903,0.01498076510642864,0.002739464371883582,0.00017458849391455145
0.02865423667653231,0.011432673445963281,0.0010541307260296007,-0.00014702551641277984,0.0003324388961185476,0.0,0.13050069290093239,0.013332488800340835,0.00244492301314011,0.00195375030230438
0.01397964708352215,0.011836808356260798,0.004469465100604442,-0.00030533057836015234,0.01035914094928717,0.0,0.08468374897333057,0.0035328478982280865,0.001162392406881574,-0.002266591531035744
0.026899344154978234,0.0244889217552239,0.003771411945835168,-0.0007277738041839954,0.0009649771484682601,0.0,0.1182408159471768,0.005182105088759293,0.0012535004667288963,0.0033172099714305235
0.014591209707713992,-0.0002588218265032083,0.0031434272696882148,0.0007326966752940645,0.003616957482225391,0.0,0.06529030434827561,1.2406905131978618e-05,0.0030996584654726213,0.00440548523061336
0.011949111031679848,0.031557051511179955,0.0038812105325866874,-0.00042363345115635774,-0.00035710976077947266,0.0,0.13456948250526235,-0.0034109112090763396,0.0008793703747832171,0.0005272250685094737
0.001142713314875421,0.018015892991981586,-0.006049045341771253,-0.000796087878896834,-0.005138973787350343,0.0,0.08796663190823774,0.0022052425299341925,0.0011991657977059478,-0.007382150947466848
0.020886709524033008,0.02391351101934843,-0.0015610091814868055,0.00019004270095260845,-0.0006729701406159138,0.0,0.07411469819967784,0.02438451191090678,0.0014914050646771093,0.004700624090845151
0.028836154441863004,0.023750024404052994,0.002630756916108601,-0.0004936126458549017,-0.004507265900054036,0.0,0.1090298250066704,0.004808249220697236,0.0011915685623734684,0.005797752224022679
0.03467931879424677,0.013326817216124642,0.012820121226930537,-0.0006655263461551875,-0.004037956382740471,0.0,0.08093662397252367,0.00955765066824137,0.001272339761211405,-0.008048083514902271
0.03246332819349471,0.006880858003213064,0.00817839814642889,-0.00020222977500424787,0.004328363028683502,0.0,0.10381855024259498,0.008760061032219501,3.875061556966042e-05,0.0017524562239139673
0.011596679266124676,0.022480108389858255,-0.004055126943854792,-0.0004487478209841744,0.004665251385077363,0.0,0.10733055454874951,-0.008916705500612776,0.004705379795992282,0.005706432627418434
0.004190096334074378,0.022955988550339278,0.009428897316304174,-0.00044716155936239674,0.007233047091815259,0.0,0.09998982898159049,-0.012676358194208304,-0.00026553623062055556,-0.004329947837205572
0.021004998437988098,0.021901905654482967,0.0034814120587316364,-0.0015167135270228171,-0.0002771009059669094,0.0,0.11622524211184002,-0.0035595126522961597,0.003656982193064662,0.0009531396438612783
0.021869755703872583,0.02576190415188121,0.0036855792265023447,-0.0013242848541525354,0.008154520182933844,0.0,0.12116293667772637,0.0026171839971304124,0.0013364548237916219,-0.00326187212564536
0.002734628605793843,0.016784325517505305,-0.012974023932698708,-0.0007148373164214572,-0.01689435305856065,0.0,0.06991703513363903,0.002781099865370007,0.0004185830366234322,-0.009544718336328917
0.027729484558788133,0.019723937147694715,0.013031598218771746,-0.0014023387224435524,0.002301900298018522,0.0,0.08446690480615038,-0.007438761674684891,0.002088538332885981,0.0019285168590365998
0.029560548623962755,0.02101180526535732,0.01241530356396634,-0.0003126679004238575,0.010705331025013443,0.0,0.08977971464390186,0.006767879529580334,0.0004820607724912218,-0.002564212584323322
0.01739384495520061,0.021358771368015138,0.0009847939624833657,-0.0006847008642945518,0.002823978395937976,0.0,0.09730939631436814,-0.010249384297438824,0.004783992393679881,-0.008006444243428668
0.020241784497976256,0.017983346112012587,0.001815880034948225,-0.0004518303229142151,0.0024242640372305613,0.0,0.08468091935167524,0.01136993384804671,0.0014781662892498937,0.0016743041563397343
0.02755193284017767,0.02816862377049788,0.008222792069110797,2.1800338459510016e-05,-0.004876624864209711,0.0,0.09163827696036778,0.0034828811918503956,0.002130151715575812,0.0018412048566720518
0.008884047535982265,0.026921221208589686,-0.0005422397731575046,-0.0003017391756174548,-0.0021411233753220182,0.0,0.10094492981687804,-0.001110459549135645,0.0001707257328215861,-0.00463223450292839
0.003707170267760118,0.01965541819962132,-0.00763645396096273,-0.0008830538616056649,-0.0016123922731886675,0.0,0.08908728301642277,0.003689530789888651,-0.000979531005882195,0.0006706601484596453
0.015935342382605723,0.03310884778940747,0.016868209884348985,-0.0010199399525256947,0.00035009628551090354,0.0,0.0885978445052225,0.0011763813267528845,0.0013487197459362665,0.0011543422417000793
0.02387485925687628,0.02508243525816306,0.002714733794434587,0.0003104391185459021,0.007571175808267638,0.0,0.11430472896895605,0.016957133665755166,0.005609216663985816,-0.00036351938233878387
0.0006270309156419573,0.011044523157772823,-0.006412358940906049,-0.00021307467673005177,0.0015473062361684331,0.0,0.08033128692227501,-9.602077706718503e-05,0.0019944887122241963,-0.00990782005401548
0.010265957839009642,0.01579175361111318,-0.0026582880484873226,-0.0007222226318544412,0.0007937444238809265,0.0,0.12094703700699734,0.00298068911615289,0.0019362497511484444,-0.003169078991026586
0.016960597967743705,0.022714112712428458,0.012331681222882484,-0.0011785321880839917,-0.00010546239042743543,0.0,0.06445797143292507,-5.453568478378523e-05,0.0052298117716879314,-0.008828364972050506
0.025075196193705407,0.01866301167591804,-0.0017189166279292455,-0.001145032949604896,-0.005581950179103667,0.0,0.09506371168412128,0.0048060621804161706,0.00051577752864288,0.001786593202264064
0.01762898542222744,0.008971599741882497,0.004899099521895989,-0.0010324700085061478,0.001651548705012762,0.0,0.09962180652919954,0.003092460329099778,0.0005715982753057736,-0.0025811750212653695
0.01461321850912305,0.02671686736477743,-0.0022450738529500858,-0.00012631593639534923,-0.0006703119166174831,0.0,0.10400267985191029,0.005836005624897544,0.004254264907548644,-0.004022918316857549
0.005071703644097014,0.016668223359006796,-0.006850284515461558,-0.0014311989883894817,-0.002491306472008281,0.0,0.10307578457293942,-0.0015669904586734118,0.0005313110702379386,-0.0030373462466950383
0.028756137288669326,0.03593545302228669,0.009270367246024147,0.00015160998137920824,0.012521040744210654,5.0536660460065445e-06,0.11528345235364781,0.002444808135624854,0.002080166693230834,-0.002232554161693978
0.028214260052421634,0.013460919658728476,0.00175540539274035,0.000530776608340644,-0.0016573101278674618,0.0,0.11120847743027898,0.007542401209633354,0.0003880073852613686,0.0028235191207665487
0.00013620217923484556,0.012811404982479669,0.00617994887918204,-0.0008706139298229054,0.0049542792684682535,0.0,0.09792186674986797,-0.00578199251188023,0.0027516440263043785,-0.0011514184226947832
0.014333022870744117,0.008824700085178227,0.004200797650037047,-0.0007837190233961011,0.003937302478128346,0.0,0.09852570072998515,0.0011160732054864674,0.00023165285506177025,-0.00031802513950912603
0.00944588245855522,0.027834176192471062,-0.002611242444191797,-0.0007282751810401944,0.004879107068047128,0.0,0.10817972350230412,0.0013656562331677113,0.003598360165180392,-0.004897809563708222
0.01871055022395377,-0.0012342250486984895,-0.004204141061092315,-0.00015631136907333641,-0.005435192274885803,0.0,0.0697311365106066,-0.0015706515486330508,0.0014480621754258238,0.001726566188343337
0.011116133286898821,0.018950480523426027,-0.0022440481042109274,-0.0005561030550471302,-0.0007498684766258478,0.0,0.09953392562075333,-0.0017279577939639634,0.0011133175752277124,-0.0027067880880576435
0.017829672546519647,0.014849829737101129,0.0035756822619950057,0.0004095992769878265,0.0004367122314929306,0.0,0.09649306844407143,0.005257653761115444,0.004252537804818957,0.0013682358827041496
0.022461936538199622,0.011896772436333924,0.010202097235462337,-0.0008307231376821656,0.003995369739888321,0.0,0.11833174451858915,-0.0029650006809206044,0.005157020291433989,0.0034852240228789187
0.017941040503538265,0.0159820063297891,-6.294228512502276e-05,-5.298531346683566e-05,-0.0002809288432132573,0.0,0.08872372959709823,0.0026407311262045983,0.0016233419864158161,-0.0027651932719320316
0.02739528702703752,0.01175106863169878,0.009576621377807404,-0.0004856534981925287,0.0031079237181269705,0.0,0.12834864877099272,0.005805855002360383,-0.00024961684461026755,0.0038022918189049458
0.010764683607507718,0.02747787447513659,0.005080241680098863,-0.0009681278505149438,-0.001519045879676073,0.0,0.10384067611448633,0.00654835109965779,0.00015817111299510912,-0.0009620959012905494
0.01396483795805976,0.017992798135988176,0.001118407117136233,-0.0007451811056979008,-0.008180893878415574,0.0,0.10408303325566622,-0.00178436771870365,-6.862952764241648e-05,-0.006587163736496493
0.02379162960230845,0.03414940009980252,0.011291141437590791,-0.0006573951530667976,0.002648239352585069,0.0,0.11020459525720852,0.014426243735219424,0.00024299754832826092,0.0014631923802911118
0.019677505613614775,0.020500591581592443,0.0019582632776183996,-7.509240028280573e-05,0.0023688905006281845,0.0,0.08307087623673516,-0.0022498415733506415,0.0020469089403912675,0.0007805946585493273
0.017827710864015578,0.01950645627380766,0.003365771754587321,-0.0008729247691332875,0.0018160947110524295,0.0,0.10289575730578351,0.009690692800155309,0.0013098154779241477,-0.0027321374520991037
0.019173718992941034,0.024364628445044823,0.0013386176116121583,0.0001327691472313708,0.005118068523448138,0.0,0.10536821089435415,0.007721469532626102,-6.919888222284287e-05,-0.0005598818652575388
0.031105822334178322,0.02396259625088405,0.005173112529103752,-0.0011685195044618957,0.00019150846689924839,0.0,0.11225217135637267,0.002902028718323646,0.0011915640917651404,-0.001766089492462819
0.018990345193357794,0.008547312739669088,-0.0037303772248450497,-0.0013440663240205208,-0.00485461961736684,0.0,0.10651969866675035,0.0017816206257654011,0.002363281727048405,0.004781344973533852
0.012913375373382007,0.029562894125456363,-0.006485562562230341,-4.6465316959842795e-05,-0.00835911052107533,0.0,0.08726584799203452,0.0005346830401593006,0.0015599070693660733,-0.008396946564885488
0.010950374261578999,0.024655660105062604,0.004024322192076024,-0.003196136158094276,0.003958513729338642,0.0,0.07765398603013333,-0.0023456291250553373,0.0019307664184417428,0.00289518751563429
0.01669525918424416,0.02469713344266511,-0.004128280896923309,0.00027887151505078255,-0.0020371224087243566,0.0,0.10605695327201689,0.0001254543943046915,0.0030267761999410838,-0.00041679577384952094
0.02956072912451767,0.01607403094272338,0.0023149473157861645,-0.00033817903092628885,0.004919386409018967,0.0,0.0983860833407351,0.006008270253732961,0.006952408209723637,-0.0014630848638566452
0.015552187576615317,0.021450509282991935,0.0009196068379878075,-0.0008723560746205616,0.002252880736398677,0.0,0.10090043907548978,0.0012788909443466224,0.0003967281075177742,-0.0034163193438384587
0.014442309617984239,0.02368197066039146,0.002027111600660847,-0.002039941420918301,-0.001454150603314508,0.0,0.10921024633254887,-0.007093638912531952,0.00112652080308413,0.0025074475541981165
0.014762040806609044,0.019227991651389963,-0.0023645136458506967,-0.000748359244180985,0.002841066907919265,1.190391162531057e-05,0.10795181296574055,0.0024323659421152445,-0.0010225460086184302,-2.6982199684133513e-05
0.027128285671118448,0.01248107038828985,0.00749735600319037,-0.0005224748512861366,0.004758842895642101,0.0,0.0935026194014905,0.006928852768905913,0.0006725062981585483,0.00041302568102685733
0.021601574275665714,0.01587841232624353,0.004227767543125105,-0.0008501088594875305,-0.009553173672751625,0.0,0.07654530229442305,-0.009485848266621999,0.0007894824987439098,-4.8233126779440025e-05
0.034013098958851753,0.002420321302729267,-0.002005454581649546,0.0011502398821491844,0.00223120259590307,0.0,0.0721903927696932,0.010755081321043924,0.0024083769633507666,0.004977206219019359
0.021871929547908186,0.03636183521553312,0.007625234011410487,-5.984222677773987e-05,0.0028518055774573005,0.0,0.08438603088344113,0.0022327620018033787,0.0029419732569940793,0.0037199222051052193
0.017434927939726876,0.020762462196630603,0.007097957850115766,-0.002180936769588615,0.001455167926546308,0.0,0.11580858021295552,-0.0007411275526873374,0.004190972988218511,-0.002605256029689751
0.010542721185456294,0.008547825033973356,-0.00032560580170336583,-0.0015024510133695435,-0.005882432086971712,0.0,0.11269503832371316,-0.0029667801353551295,0.0011853665756226372,-0.004641452399212431
0.02157768019589338,0.0277465424549596,0.007006744093788053,-0.0009261159218068137,0.00959015608541608,0.0,0.09575689799045159,0.005829947606735908,0.0032711590812711023,0.0002571784243717623
0.02341968383477817,0.01915315315315319,-0.0006245113037565808,-0.0010542240353560994,0.008035016148223717,0.0,0.10714125446200917,0.01081727010028899,0.00260411354750979,-0.001721910589835085
-0.0023847038283013487,0.016784938648627245,-0.005257602764309777,-0.0005517669317013585,-0.0023056192625668715,0.0,0.09708238786721089,-0.0029997384125902914,0.0034264908961497585,-0.004888338676611081
0.012053445967168707,0.011325238465226284,0.0032674282124613985,0.00046205220611331697,0.004633747169000368,0.0,0.093098560116381,0.008765766808285547,0.0004281628672034299,0.005616537997388071
0.03131396620177433,0.006411338385376386,-0.005510845071647896,-0.0013053527874690384,0.0006858829909718977,0.0,0.09233029108700132,0.00564454150244631,0.00045213174753709894,-0.001958899223052579
0.01660381710603115,0.024730108026686938,0.008289851223032696,-0.0007996281449535348,0.005782276074412984,0.0,0.10175442888446984,0.006705273421800373,0.005170672379627683,0.0019784505806740515
0.015384984680917979,0.021336731754580496,-0.003538227874619171,-0.0013293995443554474,0.0015044124193675733,0.0,0.11497691226661319,-0.0029660536124228253,0.000878992344823426,0.0014708064558365708
0.019943145839122732,0.024174862989672384,-0.0013826312360768922,-0.000580386225621754,-0.0031456568978948662,0.0,0.1104164293946945,-0.0007161437572036023,-0.00044052863436124803,0.0009270690495606027
0.02525209429579518,0.024108273568869687,0.01242965400946754,-0.0012691060048894641,0.004263762757088818,0.0,0.0805520001625323,0.011228608385309823,0.002968922478887759,0.0024870820720153453
0.02283799715989353,0.029316378073172344,0.0012234305021414204,-0.0008365884067905949,0.0003988955978349362,0.0,0.0866616694854285,0.0031866447192476,0.0022879054402730413,-0.004634760041132524
0.022331523161475998,0.025257131640931664,0.0010484820727557852,-0.0004344412457472191,0.003354488353834062,0.0,0.0879815493326354,-0.006726969379743553,0.001691638314577315,-0.007681235278722887
0.02380259500139976,0.017089184456032813,0.013300846988665637,-0.0011132595066502327,0.005604382726899904,0.0,0.1208068852821885,-0.0018681275756332384,0.00020116794593858512,0.0011806410031054537
0.024127764127764108,0.03143980343980344,0.0003617341681857678,-0.00039248632797022064,-0.004293572164539938,3.17032575092302e-06,0.11238773083934372,-0.0023428707299675056,0.0035035269873979315,0.0011035903939129454
0.03099424985024074,0.015067460112327147,0.005060496684009397,-0.0003873977151440444,0.00843152578140921,0.0,0.09148454818297096,0.005085127150984803,0.0031958791100191617,-0.0018554951788140928
0.028295218890475003,0.006903138459524794,0.004646948867610435,-0.0004883775150010483,0.0038816604835509973,0.0,0.08733695185350313,0.007788271577164862,0.002357628137743728,-0.0004253874502521349
0.0159018802665711,0.029454331451642047,0.011498262421956906,-1.939774920356463e-05,0.000743032427118695,0.0,0.0902975088687167,0.0031690661792023065,0.0011372341439838895,-0.002446417827517866
0.015055893755157302,0.030462485793021833,0.004475976583786123,-9.224804994629743e-05,0.003977175419203139,0.0,0.11539413660496034,-0.006022980273708156,0.00044255710037518494,-0.001975743044419187
0.019357544598852007,0.023905757745607815,-0.009250082143064187,-0.0005245559442586201,0.005328282340207613,0.0,0.1162446123813758,0.011225574518255144,0.005776686831983668,-0.0007286572991359819
0.005704924639617315,0.019145903223760075,0.002696479948055652,-0.00022986875837284205,-9.664936431583727e-05,0.0,0.08571828389537989,-0.003988372223196557,-0.00010709794424185182,-0.002623713052142096
0.02434296939248789,0.01900916315561777,0.009704526232504885,-0.00094048041282917,0.001807686761169458,0.0,0.10239660756671647,0.0020154265291089436,0.007239711424907758,-0.00020267294433117254
0.01795249340186138,0.02058001882977576,-2.932506057939932e-05,-0.0010109428778688368,0.0018709388649658099,0.0,0.10165362473183004,-0.006080782824775055,0.0005716843388742343,0.006679631430291255
0.014588701074125854,0.016354519300759075,-0.002948165436178285,-0.00044829060322816306,-0.005213689038832614,0.0,0.09775007413740645,0.008293953853797175,-0.00011438342711234117,-0.006548162355143239
0.025183442597429596,0.025130857449274412,0.013810866444102376,0.0004642715054228974,0.003324280846205785,0.0,0.09915448617045206,0.00014080365328402732,0.003497258307242601,0.00499731884935396
-0.0029773679208757397,0.00806518601949947,-0.005119847946218026,3.871739819072406e-06,-0.009248530498750508,0.0,0.11147372496568231,0.0037013832670444446,0.001809862377248228,-0.013657210235472205
0.03551314861460956,0.017984080604534002,0.0017865994962216526,-0.0006105793450881802,-0.0007669521410579416,0.0,0.11110528967254404,0.011655012594458414,-0.00016846347607054612,-0.0004288161209068164
0.012500090196050173,0.02053295042103521,-0.00046685475549651523,-0.0019435444882997088,-0.002430242374825886,0.0,0.08039101791654345,0.0004498978980712942,0.001153787873321488,-0.007410868263256975
0.016580354435548016,0.015596845325479659,-0.0036602390323423385,-6.0943940581192904e-05,0.0016698039286325295,0.0,0.0787116511004434,0.0018067026325980784,0.00587523604518857,-0.004814421197683561
0.02469837951716227,0.024422787197818117,-0.007529182164481674,-0.0008974102487680046,-0.0020945016270154104,0.0,0.07956819787120242,0.0037435644089871658,0.0005691491750603461,-0.0037304992916256776
0.0379742120910487,0.020591104753492073,0.001918601968371536,-0.0004261728818252264,0.0014281570742061488,0.0,0.08689378308360632,0.0010477986011772967,0.0007976321531453445,0.003008589377649118
0.020997996653586114,0.018146041702619332,0.0022843401337064527,-0.0003365171785079557,0.0017594933859555128,0.0,0.10580932944168908,0.00681512939216814,0.0032432452711270154,0.000788208017887504
0.0020607990917977715,0.017466178928447495,-0.0048765412632840845,-0.0006253350572357208,0.0019337138532370068,0.0,0.10024029516571534,-0.00320298949891209,-0.0005654189398000998,0.0025521112547695957
0.020322229479642982,0.016938424084080562,-0.0020097777249964976,0.0006155612295390522,0.0007620291748313135,0.0,0.09915167349523983,0.0021182431763751564,0.002110721849454733,-0.0037347346752963475
0.018048582366208432,0.013191641966453838,0.0017261344094849141,-3.499796925358067e-05,0.00358275507470559,0.0,0.0922429809628331,0.007229889129890044,0.005572022364134455,-0.0013891169277831738
0.01525829483410337,0.019352372952541018,0.006223155536889314,-0.00016071678566424995,-0.00040963180736381944,0.0,0.10208875822483554,0.00429987400252001,0.004130197396052126,0.001830323393532185
0.036924231536926165,0.027392255489021966,0.0013253493013972272,-0.0005687824351297332,-0.0009727744510977909,0.0,0.11362906187624751,0.007083433133732553,0.00043912175648702645,0.0013871457085828486
0.020339506172839538,0.01960020576131689,0.014337860082304565,-6.131687242795225e-05,0.005650000000000033,0.0,0.08864609053497945,0.004599794238683197,0.0009493827160494295,0.003132098765432134
0.011890164738466814,0.016618461671619334,-0.002667623553850196,-9.484723464417977e-05,0.0019723175903752833,0.0,0.10597140878797491,-4.652202763919533e-05,0.0020491330313608504,0.0024063428637372763
0.015502348539129008,0.026292890693416095,0.000721678210333554,-0.00031725181116156744,-0.002760528620332803,0.0,0.10288551866889577,-9.832019743652998e-05,0.0023668497731072157,-0.0031581880423533605
0.010199435575171856,0.0009664134411865866,-0.008187851740036434,-0.0009676440185735436,0.001501714604492399,0.0,0.09710691256337471,0.004426386860715026,0.0005106896155675944,-0.008250200994306556
0.02650472969768609,0.016224705328707633,0.005548320255071748,-0.0015544343879847489,0.002597047267792496,0.0,0.08304459012326768,-0.0018491968816462534,0.0037604106245827996,-0.005143386631353508
0.011452689781450597,0.03863750666309298,-0.0034931170626375406,-0.0010679018108554427,0.0026125347459592827,0.0,0.10402375524389182,0.007154279587897172,-0.0010718168485151169,0.00032555043923715443
0.029119993011551104,0.031785683087281726,0.01337364010832096,-0.0004582809759637541,0.002257134601557631,0.0,0.09650308768487473,0.0024940027013043097,0.0010294522803174443,0.006371919874745502
0.019173437937797654,0.022587403879082167,-0.0002655583574609044,-0.0011076865601943099,-0.0014815852557517385,0.0,0.10501945767566385,0.002266118738519929,-0.00015784066498555349,-0.0064792503346720485
0.03990889546042383,0.025783573176055785,0.00859768202373985,-0.0023776966861341897,0.0053019382367234915,0.0,0.07693720706101366,-0.0011911136006063194,0.00819899669684262,0.00300126030692176
-0.002328481690259787,0.021778287714074075,-0.003642761484119306,0.0003468931193135405,0.00864585052129897,0.0,0.10455757696691081,0.0024954048173630337,0.0034558843280288578,0.0030867347917681643
0.02424218592005036,0.022027728467743757,-0.006062887146184881,-5.6175988135631624e-05,-0.006038918724580356,0.0,0.10616699997752961,0.001828341160521041,0.0009965620295261158,-0.0005190661303732136
0.012665151811143449,0.023491570617286506,0.0034862240683810274,-0.000427723912439959,-0.0037213351292254004,0.0,0.11247596623448733,0.0038125006426140474,0.0032555684649578365,-0.0015799737470739705
0.01889281876937048,0.019308558757156292,-0.006171436409417297,-0.0007965356089626896,-0.00228346739559957,0.0,0.09732332683433435,0.007253732025695581,-0.0004764844007693725,-0.0015734762459952423
0.010345484923580728,0.013224152173344283,0.003421209029031547,-0.0009408044494779721,0.007582876387191351,3.32664266998961e-05,0.08397268415209865,0.0007068181223532255,0.0011366652089244145,0.0007303662670958055
0.010746566717088523,0.010779353358022626,-0.006467164924255464,-0.0009560286436018029,-0.002525689078322846,0.0,0.10707595323432757,0.007479452463096348,0.00040424437969905914,-0.012526359714160117
0.005449156168787062,0.023551257832096516,0.0009755113258812731,-0.0017339331127648294,0.008160166156993266,0.0,0.08913926085186766,-0.005739652587157673,0.0006349173215881909,0.00023813748308333383
0.036527500641254165,0.01692627742818793,-0.006565442898401974,-0.0013384722495194067,-0.0011792413547284109,0.0,0.10849653389652662,-0.0030133947160659426,0.0024817367493579546,0.0009587165590137614
0.021700235876674977,0.011073238871137736,0.0017121969988457165,-0.0003433594860899669,0.0009472706893955962,0.0,0.08747386118406744,0.011400705957140688,0.003093999364304001,0.0037414055573213754
0.010484438811435015,0.025304534572595405,-0.0035223912125052492,-0.0017673567103224763,-0.0005725425996338296,0.0,0.10425952330657653,-0.006552334178284746,0.00011838121391355427,-0.0016032072947472
0.020243926295435245,0.014332362744434168,-0.006353595317096661,-0.0006643643395105037,0.0007708281606211842,0.0,0.08585385489319759,0.010392072771595595,0.0007760949220895541,0.001680473105658753
0.03421982383118771,0.03168134740102605,0.004096086213015859,-0.0004993062949698035,0.000308940728551621,0.0,0.0960503178136999,0.011078711321911416,0.001270044848836871,-0.0023477075468653964
0.04098516603752024,0.04061877086183544,0.0035755463153755327,-0.0009869139778078463,0.005160289485803072,0.0,0.10233787013475952,0.006942012080956561,0.002189295210307518,0.000742538479897048
0.013236587375300424,0.019610650489541092,0.00187176583487354,-0.00217292697151007,0.0005748598335590493,0.0,0.08854507697197285,-0.0016067070066249634,0.00034497761348308844,0.0017603732423266739
0.01682637302115466,0.018594999327954765,0.008117322702998631,-0.0002481649887391524,0.0006307390202564434,0.0,0.0980310714367671,0.00020226921803441212,0.003427758417776083,-0.0038041037375548758
0.009337899395018468,0.013706307793279549,0.0035476869691790534,-3.866423201139835e-05,0.0018656304219275,0.0,0.07385323187492282,-0.00014393491412644232,0.00370851717796592,-0.005307884254235206
0.011310552320846278,0.01602730144332267,0.001001287141045759,4.822786548579483e-05,-0.0023152569331548745,0.0,0.09334966480036541,-0.004468583218619149,0.0014343797609047914,-0.0029361507775545357
0.03408746511611956,0.0018479028531071084,-0.003416048984853437,-2.1598864516880757e-05,0.006018197900453159,0.0,0.09025651222907136,0.0005855692157897385,0.002856535542131422,0.0016668837981088425
0.017654157848182427,0.02572311570925685,-0.00283982051474877,-0.00030940793502428623,0.00921706184219483,0.0,0.0659404174858457,0.003138843229731847,0.0016397904334218172,0.0006657284157526311
0.03439225089017576,0.019315022662641245,0.01348048782430673,-0.0005739343779125217,0.007398615547607434,0.0,0.09913810271075456,0.006580131753984819,0.0014083497295617532,0.0019522132916988122
0.024254125643703918,0.013776102176488291,0.013493192193024384,-0.001146561988957684,0.0016164544588013973,3.167130062458057e-05,0.10402986847274287,-0.0010110453660928554,0.0038900884055631637,0.0052926093192801945
0.018811972709787284,0.015705737841883182,0.01280073096244575,-0.0007864245768345768,-0.006850995296384643,0.0,0.08477564501391888,-0.005123492123310791,0.002057431747803762,-0.0019169987876546668
0.016975623005364336,0.02388929497241965,-0.0004964870446038993,-0.0008060425229370005,-0.0003263313881266217,0.0,0.10946800394633309,0.006344089886922422,0.004837053990469709,0.004411265422852817
0.012569001784167633,0.02341809792565571,-0.00663574641669692,-0.00032290639705909727,0.00018041247400585325,0.0,0.09214607024112209,0.0015873902856664123,-8.541652530364985e-05,-0.0013008058689933932
0.029160230447068912,0.02127418903633065,0.00711531678363353,3.4867079395572985e-05,0.0062160704801520915,0.0,0.09715427871770231,0.01539462641546151,0.002293929479304757,0.0014988789828543237
0.00713582835422526,0.02461844703279461,0.0009599120161046914,-0.0003720663995420592,-0.002765575657788921,0.0,0.12310284725661332,-0.0011303486554799847,-0.0003305827646752135,-0.007902471652849474
0.0251750525328715,0.00783099131410887,0.0046324752393924196,-0.0013145196065681986,-0.002388448928466347,0.0,0.0784871901929513,0.0022751695767937673,0.002745740901717297,-0.005863489825392421
0.0082187852663127,0.030173163376685852,0.003092026961192407,-0.0006912968136212006,0.006320031573949026,0.0,0.09911044098693257,-0.0053438292046694815,0.000851941612861451,-0.0010409536319291647
0.02506872426114869,0.013213570902130356,0.0033267083262018106,-9.850186350158774e-05,0.001274935467307503,0.0,0.10686299508538574,0.010016102609600763,0.0016409991302494876,0.006846403459441319
0.033386197417474596,0.022560552360726162,0.003166328796215889,-0.0009929254064788174,0.0035308611329462835,0.0,0.0929373583587311,-0.0009676425836286362,0.00034844326764399414,0.001408942764285981
0.02229966895679806,0.008199280244428554,-0.0045020766445416525,-0.001264285595461867,0.0035452675239410316,0.0,0.11657711310365484,0.0005664332174405096,0.0014469970444552006,0.0017553052861555285
0.015952924998090055,0.0178363070640284,0.0019915545585242555,0.0003823368036504404,-0.002176645854024428,0.0,0.11428119986387282,-0.00023544446219344594,-0.0002059270886146103,-0.0011004771396623148
0.008556496360273558,0.026173451207303244,0.004635772826769402,-0.0007917465596524398,-0.007406716101335376,0.0,0.10782244243462916,0.0012319074202908787,0.007057505981368728,0.004477457451682443
0.022882747023968454,0.024500880798590773,-0.0010869855335503664,-0.0011373645438530477,0.003395578657983278,0.0,0.10914062082955216,-0.0013572305557038034,0.0025763358778626566,0.0030944723215715953
0.023716035261953892,0.01668944931094123,0.003866540199743351,-0.0008679490040730097,0.0036198250850861926,0.0,0.07692559839312615,0.0021805082854432943,0.0005701472967695187,0.004475046030240482
0.011227610982807279,0.01991070053887606,0.006313232400992219,-0.00015738602343684516,-0.007659567188435556,0.0,0.0878795654777179,0.011029167735865198,0.0016831750919510612,-0.007227610982807298
0.00713012683565255,-0.0014858440633600868,-0.006480743691899072,-0.0004700040418037954,-0.01145832130415535,0.0,0.09634082029370442,0.0037423253844525274,0.0012102315376176565,-6.736339665491808e-05
0.004195981181995279,0.02569908206929994,0.010122759406875525,-0.0006218789080112752,0.007331535470917994,0.0,0.1002433069325461,-0.0019575148663938946,-0.00017227151692515984,-0.002978383114839189
0.005097810218978061,0.01501469586374692,0.0017821897810218479,-0.0023163017031630597,-0.0004986861313869162,0.0,0.09898394160583934,0.00039240875912404104,0.004196593673965898,0.0025635036496349795
0.018413041008747022,0.03075390965201257,-0.004244386383429888,-0.0009015865803324585,0.001619523647241472,0.0,0.10928168427430043,0.004180014389034037,0.001270021583551062,-0.007382331780832296
0.014050204276933254,0.02555265191946704,-0.005695461739482488,-0.0006235047296551555,-0.005331075858515233,0.0,0.07941992712282378,0.0013883470131399677,0.000910596635871741,-0.0020411130332364303
0.028685364753455955,0.01770229156602614,-0.0023257971533778067,-0.0003583071267927007,-0.002003000822186851,0.0,0.0978856680348454,0.013593916456854437,0.0015314430499614895,0.004861779826668955
0.03605803073225172,0.015541677397201515,0.007831573525624547,-0.0006949094342861839,-0.0002493776289809957,0.0,0.08037685638252215,0.004773800326208277,-0.00014679371619877868,-0.0032028500300454567
0.020293207289955595,0.012557779193158458,-0.0008257629088309071,-0.00012924660774216168,-0.0028665184241598585,0.0,0.08090390682325242,0.004445040394220734,0.0050182695853306595,-0.007085097903374226
0.017090650560039656,0.021299596593740422,0.0016974167399315342,-0.0011994274233733781,-0.003062523209349066,0.0,0.07652308873985539,0.004381607721532277,0.0014323937448225798,-0.004878962252473229
0.024490377671637233,0.021119078688981486,0.010567140920550833,0.00024451736326662753,0.005869050183071256,0.0,0.11914646970138473,-0.0019241489402136325,0.0005764528512244516,0.0032389048662755716
0.015000645676931157,0.02936329274294027,0.003277246693959568,-0.0007531734148631619,0.008514210127704392,2.478003357515579e-05,0.09416273152753198,0.0014414301220503467,0.004107901340564868,0.0011779241312154798
0.017327215292346577,0.013034596557224021,-0.005888269965448234,-0.00011884707997890098,-0.0037445442300604093,0.0,0.09726513922332572,0.0023607508379580367,0.001435466035571431,-0.0034329581899417484
0.01589173856518138,0.013306149785289333,-0.0015687664972619864,-0.0016408619942481551,0.0009703344758302368,0.0,0.1083110743410944,0.012001339479178941,0.0025974077138241846,0.0026336524445494613
0.025802145354881435,0.014243297734933724,0.005641401253819778,-0.0003075481208455022,-0.0035106165138770297,0.0,0.09169068771067643,0.008171486626972913,0.0008761774249441245,0.004884935261317502
0.03222163737954491,0.02007713175155882,-0.0035152643938780592,-0.0013997084784193147,0.0033286096040165193,0.0,0.079637622479553,0.0032205036845088355,0.0017410316624827727,0.003922584824682151
0.013392457192399353,0.010486959034751797,-0.000387616501697885,-0.0006809479083881298,0.0006065313199913102,0.0,0.06740408929990606,0.0069435011921103575,0.0032674662235387397,-0.0036160682031645464
0.02470556164773956,0.02468294828665064,0.012939179351832896,-0.0005430304382036177,0.004154043454825895,0.0,0.09319957375363203,-0.00907105551735038,0.0022359347991747327,0.0044628862083278655
0.031731576214882685,0.047620200096027375,0.002153198764916464,0.00012764611967509555,0.0041237113402061935,0.0,0.08621539014041074,0.004781850048989589,0.0017374705769838794,-0.002091522658162137
0.015744556968650257,0.022475401685246275,-0.006202569738839148,-0.001759172031192735,-0.0014808054639660728,0.0,0.11439950018317897,0.002352868058826607,0.00016649657193701373,-0.0017895928193855549
0.0282429526994744,0.02180671159504107,0.006459815927779289,-0.000761938290542441,-0.00492210878366488,0.0,0.10332719340156409,0.004641411220358549,0.0027840294716724666,0.0026900445092664428
0.015903115439892302,0.012797860421955609,0.0032633091788351275,0.0005375350340816488,0.007010965714695294,0.0,0.10154923255085842,0.005680896570715133,-0.0002757460420446334,0.00194908317270156
0.01203086535736233,0.009370432057679845,0.0009098465330611205,-2.372543462131338e-05,-0.006968271610049426,0.0,0.10510160536799895,-0.0014396084188669999,0.001873672410663363,-0.0034225133674512962
0.01120576244252539,0.01773312232164953,-0.0017932736769437295,-0.000910801974652542,-0.006386034152631781,0.0,0.08576387532075078,-0.0013429200369921678,0.0014800125043960776,-0.004912371536868421
0.025751430265006925,0.017610741473356097,0.009120395345894339,-0.0008171991448380656,0.00859557633519149,0.0,0.11626073115013953,-0.001308384449905775,0.0056254870227177125,-0.002878179384203505
0.0329516375205971,0.01590289537029298,0.002603403369958879,-0.0005520414904361393,0.0012392458217216685,0.0,0.08772372107856903,-0.006673855102397308,0.004235608574487582,0.00212729605977533
0.00033666283414769406,0.013771198620293135,-0.00454369071572297,-0.001157660247197523,-0.005063236562230589,0.0,0.10108292612819772,0.00936260419660817,0.00028600172463346676,0.0020875251509054004
0.016482702499686974,0.01563173781802498,0.003354129282644047,-0.001653243194369125,-0.0027782414555773795,0.0,0.08444233471045637,0.008854623099500603,0.0019940463770534824,0.004060774249189681
0.014606536832436467,0.022589966047741383,0.0025428865741687233,0.0003101443993647979,-0.0010620772237242226,0.0,0.06796327354810394,0.005189526490571051,0.0025845366613736044,0.0006669592089458054
0.014987011487617562,0.028141776828493857,-0.0027831976755373854,-0.0016521387750390137,0.005752275394946949,0.0,0.10670707537185624,-0.005182320229367543,0.0019092151090072563,-0.0019288421943851608
0.018749008107641896,0.0033634638606175995,-0.0008017940313955307,0.0001904433327583499,-0.0018571675004312338,0.0,0.10528480248404345,0.007226496463688137,0.004553734690357103,0.0015463170605485744
0.01995004955113564,0.025322263887930897,-0.0015838212819405562,-0.0016654989781213047,-0.0005913465203486789,0.0,0.10737712951904536,0.0008443658725174052,0.00256794676792278,0.0008073386502488123
0.009279503592330197,0.029854276422416726,0.008021030359375503,-0.00010864260856245922,0.004626394098391029,0.0,0.08290891474939178,0.006267075590321214,0.0005033180521270775,0.00018772017938497587
0.012251775696947664,0.02028837745024844,-0.000588699528613823,-0.0017972399377173432,-0.0032357144380692816,0.0,0.1043823987372821,-0.0017213062304033966,0.001112130196446437,-0.005257342746837912
0.05255510321659603,0.017791253807343164,-0.005280504284981979,0.0008040430912873098,0.0008442876085013706,0.0,0.07707926475385185,0.006444206272213937,0.0002558704041820903,-0.00605785890695888
0.018136730339166574,0.022604271461434434,0.0022151878456224796,0.00019800203769085867,0.001246003114206784,0.0,0.08412138998712024,0.009761372301501347,0.0035784543025394024,0.0013901793552438368
0.016267314079448102,0.009025926176431854,0.004155379067540499,-0.0007482743767643462,-0.007917041931131685,0.0,0.08334039364500755,0.009912677590570762,0.0008639685596608327,-0.00558001943662273
0.028247856881678225,0.0217155780663859,-0.004830311073793669,-0.0023364391056459157,0.0016758982137295097,0.0,0.07479821508376108,-0.0017869476307200483,0.0044839587762896095,-0.004170785877764383
0.018958380887164318,0.014569352507038013,-0.00017385680590426,-0.0006216236780034578,0.0012093890283801478,-6.467321007330718e-06,0.09611466179715443,0.015181845849501673,8.673818762845453e-05,0.0013958000456517183
0.017594921888596772,0.027011957990399495,-0.0023115406157146355,-0.0019438458593203033,0.0006999490543410314,0.0,0.11608743667391304,0.005447388323001856,0.0011571942548486037,-0.003285045708698342
0.011843151702279453,0.012473977521256573,0.002836450183034511,-0.0007239512063904274,-0.002329158041238322,0.0,0.11445153971205693,0.0016686549009976349,0.0018891150018128023,0.00315749155000411
0.020370973115170977,0.01443800712997465,0.004826709451620004,-2.9101937193376505e-05,0.008675057725224155,0.0,0.11013972759055113,-0.0003480744856423579,0.003560775183706033,0.004299811220328509
-0.003236493007043306,0.024023434686793344,0.0028634392959511756,-0.00034064557016718624,-0.00020165065464442523,0.0,0.12005091679029775,0.002408284961182283,0.00013971509643225798,-0.0002963544442363686
0.01713811993042802,0.029081747102521205,-0.010462458752580483,-0.0012617240202213776,-0.005598920658658269,0.0,0.08977291568458529,0.005379801362180803,0.0026372340252605263,-0.003193159836798354
0.01600373181190229,0.02759387839316787,0.001381488059996039,-0.0004664764877909122,0.0010850960762150308,0.0,0.11355078314225739,-0.009363977250300559,0.000953765003498519,0.0011468145038304289
0.010625781017820624,0.02421271613381405,-0.0027140928735368886,-0.0017516282766942726,-0.0025919945002023216,0.0,0.10058793410268434,0.010285266199518018,0.0021787935534923085,-0.005592177110672702
0.022763398039303016,0.014548570567629704,-0.00039309818209207756,-0.00010615020596559388,-0.002380503973784276,0.0,0.07197942740524388,-0.005767037964107502,0.004047747047483452,-0.005924893592978963
0.025592753052382778,0.031239520621166895,0.014907631425945677,-0.0009501303475309309,0.006624280275323957,0.0,0.09748945028976531,-0.0020337965828316706,0.00159380333464616,0.004846865094994246
0.022518864552033346,0.009966570371300809,-0.0023878996338199234,-0.0004560342412150309,0.002273891073516221,0.0,0.09170249562806158,0.005673858223592088,0.0013777644660438516,0.0033313687790456513
0.024894139879913603,0.0289392128449489,-0.0038832418405733817,-0.0005679955152681493,0.003292681636927153,0.0,0.11206681968345977,0.005817106149230211,0.0036752236195875866,0.0014476657887593114
0.028954074155807863,0.016289726941391847,0.01020547496474269,-0.00011516804535001146,0.003531245366555058,0.0,0.07451096682539625,0.005555306522856007,0.0020006137698225014,0.002581971028685104
0.015504403749945727,0.012066174728249035,0.0001208152694480602,-0.001187126832670893,-0.0008764113192560652,1.0346058985888362e-05,0.09991489532124506,0.007384749909054755,0.0021029199248408514,-0.0017918706675878581
0.015078915807147986,0.022914847685296214,0.009991204925241859,-0.00013656352442633634,0.00249588230590867,0.0,0.1176582713680339,0.001921803789877652,-0.00013336531542338382,0.0050822739266011
0.02738888789606303,0.009276408670943736,-0.00285683649945494,0.00014546884214662327,0.005953500008935431,0.0,0.09976088782457956,0.006501420733777718,0.004231463445145367,0.009380059688689513
0.015573702380322896,0.01488589407525478,-7.931891491708143e-06,-0.001152012811893266,-0.001504793128715687,0.0,0.0770012917651858,-0.00271799481783086,0.0005450342582170809,-0.001237752781827628
0.007980934200033818,0.023364817678756977,0.004809795084938251,-0.00023862455597710718,0.0013876471014667602,0.0,0.10268226083174248,-0.003374272044076099,0.00404906604161126,-0.004237398206993237
0.025622859334294278,0.02345210859704574,0.009463560745315337,-0.0006043454687313821,0.005120736851849406,0.0,0.1308219495100438,0.0013779605654663629,0.0018927121490630917,0.003962297835200179
0.01746022770112341,0.026179031893236802,0.014855236371861525,-0.00033583402447917576,0.0037987886099172807,0.0,0.09944457010731604,0.005520998265852339,0.00374726683254164,-3.330066098674589e-05
0.024605467881751508,0.020969289471734466,-0.0009998518189227145,-0.00012299029413943564,0.0018422612432392516,0.0,0.09326146551085426,0.005105579017559448,0.000368970882418318,0.0019291323997925546
0.01733758592927479,0.030371654865368868,0.0007476449013576692,-0.0003798435209843021,-0.0002446274849817298,0.0,0.06421419871596375,0.006239549142255507,0.0006052035809885559,-0.0034468047040042025
0.03011348885509777,0.03582177428327712,-0.002670326002299395,-0.00027908615510140454,-0.0037087861143047405,0.0,0.08473139116567152,0.004508956718466084,3.1524681971639715e-05,0.0011710492155918018
0.014805987576997115,0.016556367250865577,0.004723105972427,-0.0010028563299301241,-0.0019355053265195155,0.0,0.08618024070029968,-0.0017115808843906843,-0.00010715856141477743,-0.0006629050316487306
0.015549746630255424,0.011820757334579513,-0.006891730069950475,-0.00041875374213237173,-0.0009477634826292047,-8.031893920568134e-06,0.11360091709625131,0.006278385443287538,0.0036640039721366423,-0.0069598186252318285
0.0020492866407263,0.029117860090622727,0.0034453484258931575,-5.12068994559467e-05,0.0005996597436286,-6.400862431998888e-06,0.09233378813145351,-0.0008742230532114203,0.0033210369397139727,-0.002411777586874886
0.023381529029961025,0.03092518549136284,0.0018174674955289793,-0.0003969699325969578,0.003131969993984074,0.0,0.0742792130991893,0.012527061481229885,0.0016652274801412736,-0.0011573515148290635
0.02443281484359965,0.02255194279301691,0.005206082418440461,-0.00044706574517615615,0.004006159411078969,0.0,0.10369092540067042,0.004306866508565432,0.0006373683044550327,0.0026515247810975917
0.013426822388583148,0.014145714852028656,0.009884580785826491,-0.00027787518868064296,0.0012033634714196828,0.0,0.10006670529220733,0.0009986735176178874,0.0018037111012853546,0.0037703737021056337
0.013281152809454655,0.01793696869168565,0.0009057294906351209,-0.0004900131315226042,-0.0006261662865436945,0.0,0.11890351786578197,0.008930817610062869,0.001244730112654613,-0.004966134494436403
0.015284754020239554,0.016643629033928943,-0.005366535149902462,-0.0010205621971686063,5.5053529197623964e-05,0.0,0.10979864023702617,0.002628362039111665,0.00047949848010819807,-0.0016999997040132886
0.019555301024842153,0.021503261953487653,-0.005035703272366077,-0.0011730217023031564,0.0053697080862005085,0.0,0.11203618785968597,0.014026600239490306,0.0016652182445123787,-0.0011461891812876823
0.01777351054342511,0.017803716809067626,0.007357023675958696,-0.0007184776042116203,0.0024373579586318026,0.0,0.09101759155375279,-0.006016800437271652,0.004542806593596271,-0.002772863266304171
0.029573601269698435,-0.0008465177020457792,0.004178070208325502,-0.0008810407528212161,-0.00019901523388198282,0.0,0.0943238480860795,0.008881015758757282,0.00015090166085554024,0.0014835539059473214
-0.00010874708099940511,0.008027060852577117,-0.010499816847021481,0.0001953631770936548,-0.005602191730643025,0.0,0.07781177978906881,0.004143454570429949,0.0029911170805415168,-0.009969627131061231
0.010112209320264465,0.02830054133368982,-0.002711810948036819,-0.00041928505555618447,-0.006240250679666959,0.0,0.10568006116145039,0.008071323027766008,0.0019195233246596,-0.0046395622705160625
0.038437086560002845,0.013376492794016504,0.0009926087953571305,-0.00040007761646878583,0.0022469967718605323,0.0,0.08487925347069099,0.011991038825874545,0.0037368801707562626,-0.004573021221048135
0.014972939056675261,0.01640265609953322,0.012090688552533101,-0.0006022863393405631,0.0036365344544694866,0.0,0.0897228811767903,0.006195999744992941,0.00220178437813513,0.009572829672081052
0.012708313548215588,0.024838078595984768,-0.0014214894869797544,-0.00044483276035627294,0.0007327774506638796,0.0,0.07411194894489928,0.00245740659841599,-0.0012353510987862747,-0.002631009135975948
0.021550400411431903,0.023496804055543274,0.00028873705091465586,-0.0010135184777019135,-0.0006663727867166735,4.040849313013961e-06,0.09582286386011311,0.00460987436632132,0.0021309969877304825,-0.010901844096686542
0.008603112516644496,0.009524453506435871,-0.0002073624056812662,-0.001963007656458027,0.0069022553262317096,0.0,0.12513905071016423,0.0013263565246338538,0.0010565773413226953,0.0029231857523302485
0.027445504206846893,0.022539565438864605,0.003298027436721662,-0.0008638527340113389,-0.0020674149408933308,0.0,0.10946724982874008,0.003860462665331732,0.0019030053924926848,0.0038277915371238923
0.025353762012861724,0.03776405398509721,0.004680354841453138,-0.0006309818981139026,0.0053056124351518515,0.0,0.11854740051158927,-0.0008838326017126863,0.0022040207514212986,0.003963181274001237
0.01696290205855494,0.027633059642395687,0.009125767742864365,-0.0005190907954214175,0.0047794243017849625,0.0,0.0966804711980388,0.006952785471520085,0.0037897417049669647,0.002437832246526417
0.017111132530120476,0.01344231325301204,0.004326939759036141,-6.554216867471485e-05,0.0008227469879518057,0.0,0.11139778313253013,-0.00854284337349399,0.0031074698795180546,0.0012213975903614283
0.016365260650224246,0.022589335762331863,0.005362948430493275,-0.0013782230941704054,-0.0040632006726457285,0.0,0.08314321748878926,0.00024733744394617174,0.0011088144618834229,0.0020389573991031473
0.025364231802017523,0.032878837361201785,0.008683050293925488,-0.0009330321503738138,0.00481484505406774,0.0,0.08565344001741776,0.0017630996443863344,0.0011090246026561612,0.0005248022352855264
0.039873617910776114,0.01011795890863081,0.0019713680620495498,-0.0005205181803180081,0.004560894438637953,0.0,0.10989569008196268,0.0011159854777490152,0.0018874800594091746,0.0029395181253093925
0.02877563816793338,0.01033935347780227,-0.00012322992892535022,-0.0005048802676264174,0.003850935278916434,0.0,0.08203452612655712,0.001110881565165056,0.0024120446382295047,-0.008857694802958982
0.023838182347096493,0.01827211146498021,0.007671528903295555,-0.0003770405715300074,0.009262050753136686,0.0,0.08563807883094758,-0.005404374123985112,0.00025085665280160095,0.0013710222786398219
0.02937497248822497,0.016173322181893844,-0.0048068573349393405,-0.0005414317327816276,-0.0029832768424885915,0.0,0.07127370514580242,0.010372039232791652,0.00378321921782524,-0.00163870136418387
0.010791147688632008,0.017424718410315964,-0.007696020666539049,-0.0011274373653399005,-9.411041389709718e-05,1.0246979163508473e-05,0.10821403242899244,-0.001434037768207963,0.0024285340617676843,-0.0030132860174576725
0.00513596838765269,0.01533524105452928,-0.011569164120539311,0.0001647053124384179,-0.0036868384538461417,0.0,0.09003844277355447,0.00532766322607886,0.0032065632990889714,0.0008211044252442457
0.01305221076504678,0.01632631487905902,-0.0023051025539997717,-0.0002373653408162535,-0.003677400961633903,0.0,0.10537163211895817,0.0004173914157673653,0.004905550376869561,-0.006109995291132886
0.029779273937492867,0.006625989824413814,0.0007807658467541834,-0.00013159404766454051,-0.00012662101679350446,0.0,0.10804406870433425,0.0038529513025515882,0.0008530660648024546,0.00583527791591758
0.009191853347536383,0.02662448129481527,0.00669825269885681,-0.0006311906768208919,0.002381671621857917,0.0,0.10827384453948512,-0.006755171152837247,0.0028160325611713668,-0.0019536702863412027
0.02236723390621953,0.008999480756695866,0.002607264250650931,-0.0004934652677785256,-0.005021193228478072,0.0,0.11095824326364671,0.00673690567816494,0.0031047803527172067,-0.0038291431748965765
0.017719248027543877,0.022402344773646322,0.0013977527908692999,-0.0012493902217778018,4.9588576082226776e-05,0.0,0.08267282425082956,0.002746723323966649,-0.00042170447627604135,0.005153986639305641
0.04100223470749868,0.013654397465596246,0.0023678231866705477,-0.0004097583466883048,0.0013371061839301478,2.528454407874081e-05,0.07802773119554988,0.007876879143597582,0.002368938681262234,-0.006046724350131483
0.030973045455428803,0.01956254736964842,0.0031871271158442904,0.0008399245972364966,0.0037530365159259005,0.0,0.0977006043881299,6.257652020131843e-05,0.0035839633091707566,0.007674951901587734
0.022553266258718528,0.008825506688362772,-0.00972658309077994,0.00029984950228799655,-0.001180299314738864,0.0,0.10291637063690322,0.022031489927348557,0.00018258351859062882,-0.0031711472203760473
0.02318082818608429,0.015636186249115468,0.008493819865747876,-0.0013287803939620257,-0.002555188358399618,0.0,0.09748706603365243,-0.004911815427318955,0.002456938308587675,-0.0024528159288751627
0.022638737758433093,0.016115342763873754,0.0001822633297061782,-0.0004049432613088766,-0.0024479247629411115,0.0,0.08961837400901598,-0.008012202704803373,0.00257889009793254,-0.005767915436032944
0.015930124271274982,0.022012696615031902,-0.005786477183957683,-0.0013627882066799101,-0.0017086873910537204,0.0,0.09860889854647292,-0.0023380601673552047,0.00036738996210115,-0.0019580486373823925
0.0025486607790847216,0.01902772362328199,-0.004400317622046878,-0.0010880547357276949,-0.005096467735463006,0.0,0.08810027293865849,0.0003204681225291939,1.7076454131192965e-05,-0.0010171874510831124
0.018645664710643495,0.01276589690408746,-0.001314624645892315,-0.0003569531566167239,0.0014255994536625295,0.0,0.09962407679077301,0.004302091764467853,0.0012678318494537045,-0.00269121813031159
0.01861697252557437,0.02504512094528376,0.00574481285382924,-9.165192010774925e-05,0.005827299581926215,0.0,0.0882128580593763,-0.001052234544313746,0.0039635930372741044,0.0010402492932226504
0.008360597483120702,0.0353719156792347,0.0006502550780755012,-0.002456836868482659,-0.002735400915748698,0.0,0.08608241738043597,-0.0018886805785309879,0.0014483696651104382,0.0031405849844992283
0.03569638790055234,0.009184968780010416,-0.0004577214742751967,-0.0010637241013904176,0.00451540026712689,0.0,0.08681475158307614,-0.0029571603607315812,0.004588253041971335,0.00036352798760769245
0.01855461439684909,0.0161775968398565,0.002144527043757183,0.0008493461474234687,0.00035715725284027886,0.0,0.10269861743722038,0.004179070959271713,0.0007626840489914466,0.001563516696129874
0.015960261910137764,0.011926394219914238,-0.013630616391962025,-0.00025197561526300036,-0.011692932941973311,0.0,0.08807541205689776,0.0011894332806502983,-0.0001268909460374612,-0.008933393542560364
0.009999042675845837,0.0214319904434075,-4.9947347171575005e-05,0.0005535830978176448,0.0033947546960911403,0.0,0.0874615509483752,0.005284429330747131,0.0017419137326068258,0.0013506595130965526
0.008847329089760025,0.017206343208219555,-0.0008147269801351498,-0.0012724204655769177,-0.005535973730674282,0.0,0.10095675855284159,-0.0029057835517014687,0.0017115456032106735,-0.006107683386866658
0.012002698338812423,0.018675632036773047,0.005269397492217709,-0.00010946091408955416,-0.006769121112501109,0.0,0.13393506531289093,0.011304294068018495,0.0010553341285310935,-0.009559828935501724
0.019719774471238072,0.01097401585570228,-0.01023242945866103,-0.00010971153815578783,-0.005058178915668399,0.0,0.11426727002712578,0.00756469005695457,0.002740880427143566,-0.006907215839166081
0.0048996584457203455,0.0235758720177902,0.004407615797764075,-0.00017604902534019696,0.004162233490211864,0.0,0.10645055131142145,-0.0008939839798582039,0.0014649451564152315,0.002285122739079992
0.018619104160877163,0.012248945254275856,0.007661432938382662,-0.00038747694717428116,-0.004110350402950746,0.0,0.10690100548215145,0.004476353485081996,0.0012360104085087143,0.0017889624333678688
0.017752145213457228,0.0262449654798797,-0.0022598505686709847,-0.0012121544360208624,-0.002315314937650903,0.0,0.10428558990548487,0.007892547459119248,0.002340467384048883,0.008109084225224073
0.011076144754416473,0.010957700158766136,-0.004598548423678839,-0.0009790579874499271,0.006613996623068974,0.0,0.09684735767747787,0.003642486328469552,0.0008086363750913539,-0.0031135808069353123
0.01871444748762242,0.015135823764879342,3.917360160113903e-05,-0.00037428894975247704,0.0016716264616032594,0.0,0.1066394316865058,-0.011818247656167746,0.004518460971241933,0.0029460852733593002
0.018038643153510427,0.0042217466196191045,-0.0007335595539767259,-0.0004988523214136898,-0.00504978577992421,0.0,0.07308504755805025,0.004961472211061457,0.0033622805586827507,-0.006382445490239775
0.01893796304148393,0.021587273442137678,0.009252734883936131,-0.0015915906655462053,-0.0076792611380508856,0.0,0.08157393630553612,-0.001829423419395071,-0.0003985722325441143,0.0004328787399875744
0.013059073795515852,0.023143096189620037,0.004529554699112615,-6.987031713113767e-05,-0.0012914882822582685,0.0,0.07593301350232755,0.001683563119153364,0.0024912995878986653,-0.012704381803455223
0.026580838613673018,0.029407047994838353,-0.00237643259128868,-0.000883516762203862,-0.0005780713302726892,0.0,0.07801911737831596,0.0028870001081552467,0.0018904797246142358,-0.002262310122215494
0.035249764373232836,0.020193807966164823,0.0034365866987700277,-0.0010264614799736615,0.01387069436634224,0.0,0.1319399013139658,0.011687087653157447,0.0026707007025242313,-0.005095478342137949
0.008540906446665598,0.00959648844465597,0.0011535952897209212,-0.00029509757258451287,-0.00025984099282529984,0.0,0.09964179314964652,-0.0010647487087277919,0.0020797856399950463,-0.002623089534084311
0.014146298221437847,0.014129374884155754,-0.004731483048457152,-0.0002558647422414073,-0.003068362223887655,8.058732039117888e-06,0.09977435550290517,0.007090072448001061,0.001298664668101157,-0.004376294433833761
0.023626345081078283,0.017470305934916573,0.00021982375135563004,-0.0006081682219927553,0.0007055790423866725,0.0,0.06380700968263554,-0.0012270516342288596,0.0025424224122815643,-0.0020623494191068124
0.026951642185179037,0.025622864527184753,0.006358397741358856,-0.0002092895042718701,-0.001083318994427196,0.0,0.10284963813282859,0.006386490292267855,0.00015731828509017997,-0.005451008346999198
0.02744284553789026,0.029312695833816894,0.005388693860972527,-0.0010727341302077197,0.006160061506324743,0.0,0.11365034234652435,-0.0021001363583613595,9.75542532203888e-05,0.006145555297667404
0.019872727272727254,0.027746545454545468,0.0031741818181817982,-0.0007029090909090984,-0.0026210909090909063,0.0,0.1064349090909091,0.013530909090909071,0.00219818181818181,-0.0010580000000000034
0.012043993311509427,0.02186611579701715,0.0016768328583877334,-0.000835388440484841,-0.002689863303131901,0.0,0.08776928071810439,-0.0006348682993132626,0.0011698129712307882,-0.005985324348057164
0.0022249266035491377,0.01987084287315304,0.014537310148993055,-9.90078587488008e-05,-3.30026195829447e-05,0.0,0.1055702233864813,-0.010346665016535694,-0.00020867281340456457,-0.001349325852739558
0.031990431873820356,0.023559268187849237,0.006806077255143805,-0.00042271682457811766,0.002280652576105868,0.0,0.08291229840593525,0.01628487600680236,0.006072396329726615,0.0013870045411223941
0.007215632739267319,0.013626471019179954,-0.009729722002837527,-0.0007594086261672906,-0.0020620177755223956,0.0,0.09674222633593375,0.0020166319423349567,0.0037084156770529676,-0.0009477419654567498
0.013796128828112975,0.008970647988004687,0.0023516128684283764,0.0005310905514784414,0.0012628233018227354,0.0,0.07054802647901712,-0.00022545279334926783,0.00024594850183567996,-0.0010767438431969812
0.024833400381298852,0.015801164885522877,0.0003729032935126719,-0.00023227747363265827,0.0013324471341367382,0.0,0.11365504696272717,0.004013083098665426,0.0011750301715844791,-0.0023374669861648155
0.02692647087661041,0.02423424866165097,0.00013759339028803774,-0.00026146012406286223,0.002202474720074221,0.0,0.12310000196095092,-0.00633583245635253,0.0034574833155758154,-0.00028270375914296597
0.03081257149648642,0.03388784893999491,0.008968073568955992,-0.0014135876751200094,0.005601610435144289,0.0,0.10835487513185064,0.0033935760871179554,0.0005236885501626265,0.005482016312341187
0.015669862487933305,0.01242881123977967,3.023947336797672e-05,-0.0008699663876622799,-0.001192133084697644,0.0,0.09535824083802112,0.00595678856792835,0.0001740708146436676,-0.004792181157706588
0.009637368986929818,0.014279601822663357,-0.014195124448702823,-0.00013531007950378092,-0.0030221689108635543,0.0,0.0845695310957191,-0.001364437585483036,-0.00013494437658621017,0.001100034376074277
0.009396835302279426,0.01466436080342296,0.010448083223517146,-0.00042322106080772137,-0.0008753207351764547,0.0,0.10293698819296226,-0.0023003309422726438,0.00570170051881923,-0.0043686371617965404
0.03208845752703101,0.012451884477726239,0.0026426958198585205,-0.0007833544678966797,0.0015520773149850676,0.0,0.0930289706092007,0.005098932266850787,0.003706677271465375,-0.0051643993907242725
0.004559672384445745,0.0087324368291135,-0.005139720245460477,-2.54379408458405e-05,-0.006468774142490208,0.0,0.08926770135229345,0.0033763370621376133,0.00113183134331164,-0.004543655903172572
0.025055370550720935,0.037543982281423714,0.011167179793283221,-0.0005163991077880459,0.0024441582105494187,0.0,0.0900576482045804,0.0005277873770852092,0.0021720178442398374,-0.004911485658634707
-0.0036938352420211817,0.017851703379254114,-0.004589789694804803,0.00036546415322675775,-0.003002788254264066,0.0,0.10721748727063943,-0.004612136985453652,0.0005559318304493744,-0.002764875559971569
0.017457462834721094,0.020160144495957488,0.007136434235265288,-0.00013351862448564012,0.005205669286434456,0.0,0.09966678733947601,-0.004953034921153898,0.0038132607739409297,-0.003337576345015192
0.01470768845165743,0.019966789899116554,0.018405288551914346,-0.0005141299580173619,-0.000745974058524923,0.0,0.13101447459113982,0.004967729807632137,0.001193997117613943,0.004044739645341244
0.014143450679378134,0.017903612549234192,-0.0005771294022768658,-0.00013825183435703937,0.0041216328117686715,1.8721602569149453e-05,0.06845661988666227,-0.0034627764136610285,0.0030512611879576546,0.0033898701728867662
0.02662807352590115,0.0188545396673828,0.0035579294978912877,-0.0018393411315349884,-0.006305005172276612,0.0,0.07965544680512451,0.01313519535290839,0.004275483408928127,-0.002945810455956088
0.019623603057723572,0.012544692120944622,-0.0023257960313797675,-0.0013442747938444022,0.004412832808330514,0.0,0.10165646756686267,0.00013924279207883083,0.0010132220461066433,0.0006047230192010811
0.010874963090220924,0.016193997798835014,0.0002838697554559566,-0.0017454970069524455,-0.0037913053982229217,0.0,0.08615312860709207,0.011236343381741076,0.0018240141733551819,-0.00783527501140845
0.020229157807302334,0.01509436961731515,0.0056033574837947575,-0.0007253087033070593,-0.005683638227941712,0.0,0.11216253273824899,0.010766760592487722,0.0034127264850943527,0.0010941232110707523
0.01282469144255951,0.025471352517246672,-0.0014139719602170974,0.0001427666603899147,0.0030652036222332145,0.0,0.10658849307564573,0.008933358440180051,0.0011150863618466732,-0.0008278412106065391
0.014760873127127727,0.02547349002045064,-0.00659882150897827,-0.0007139519500931613,0.0002333315128013491,0.0,0.10092270628144209,0.001812642987614299,0.0005061078847238831,-0.005954201484340393
0.01947325214997292,0.017477245596991632,0.003030574604688163,-0.0007696526704832785,-0.005696576891779015,0.0,0.12691991955749451,0.010737855655172657,0.0024437458102861465,0.005909333696591223
-0.0021962590116017533,0.015091728512993886,0.002704501106294077,-9.34838872967636e-05,-0.006558160041149197,0.0,0.07414945991623194,0.003654036136217076,0.00026044855936844245,-0.0016075962802393651
0.01426744328567393,0.0032798919270347502,-0.0065445960852859916,-2.3181331301191932e-05,0.00027551145477507923,0.0,0.08739628352633345,0.016031089629151972,-0.000651208893104771,0.004345833488763706
0.02030497230320104,0.010479681497062233,0.007552144195562804,9.30743651877508e-05,0.00011644546129214728,0.0,0.08816233481350277,-0.0063274167558458275,0.0006982627485229264,-0.0038834971360156567
0.019780788783801417,0.0187209420216387,0.007878061497907107,-0.0008483843401937641,0.0013147603667279962,0.0,0.09761127123676552,0.015731862752197935,-0.00030524455773935923,-0.0011503700592384147
0.012879301270386178,0.01774756707109413,-0.00021568701646724754,-0.001388033670566491,0.0043378202195397675,0.0,0.10657071403754395,0.00477710621639561,0.0023013495058462063,-0.004789834158356254
0.01278888787161414,0.027665223589730226,0.0021848882378330712,-0.001515884745674001,0.0032554246177590395,0.0,0.1156558588487647,0.0008426304981885568,0.0013958826529945289,-0.0015505447506441229
0.008827186233965955,0.023862171333259363,-0.008087698022548084,-0.0007238032571146413,-0.0008301548984877227,0.0,0.08835334759006415,-0.0023313197932646524,0.0035294972780865797,-0.0007083095827419394
-0.004090255517748864,0.01816599645803525,-0.0004942434573927068,-0.0010109216246808495,-0.003227878866163303,0.0,0.10681369333111257,-0.009195171778494571,0.0034532457246581826,-0.0008229459493451108
0.01388219555634349,0.01633007486682726,-0.0017894702910055238,-0.0010540991401194577,0.0012853884774391977,0.0,0.11986428876514058,-0.0022512430794523587,0.0029330227985203683,-0.006412436435726587
0.02531189874436033,0.02108174059946234,0.0035245731294455186,-0.0013374271789336812,0.00300535641261136,0.0,0.1073457936406846,-0.0010726233014004439,0.0031900487373212605,0.005656579538369755
0.008287457434733202,0.010830909477866035,0.0022559591373438994,-0.00028518728717367157,0.0012237514188422004,0.0,0.10708569807037453,-0.0007395715096481625,0.0030419977298524192,-0.004914514755959165
0.032056881124840196,0.02869975855702315,0.0032232637409458807,0.00018214742224115232,0.004168441982672899,0.0,0.11218470387729014,-0.0004807555744922642,0.0017991052407328235,-5.343701178811555e-05
0.03300519221132766,0.015446562159050149,0.0012026312890260015,-0.0005529829449539946,-0.006215727318281461,0.0,0.09416489269074539,0.012929352519519688,0.0018462380456531146,-0.003121012996520722
0.005203427259627092,0.020076667311279262,0.006794320755070082,-0.00050529310118963,0.00801700529622027,0.0,0.10612870626251539,-0.006502373629938307,0.0027582141319875573,-0.0008401277580581846
0.004532335649385289,0.025924639230358048,0.0020016034206306378,-0.0007331195439159499,-0.001716105469445972,0.0,0.06096116158916792,-0.0026594512738286726,0.0010729556386958271,-0.005114466417245733
0.023001230973641495,0.01618280935539963,0.003687449930635589,3.712460188748379e-05,0.0018874929170167199,0.0,0.09919810859923012,0.009763379511127568,0.0014662263819144373,-0.0022018796772113936
0.02687415278025008,0.03395382909095893,-0.002102474223980877,-0.0012148617748140799,0.00015643613161179238,1.574630646425934e-05,0.10629509947557958,0.002513247436090571,0.0016290580970246716,-0.0006043500883161967
0.04900477348464376,0.014719265063496334,0.004567774475367004,0.0005695757903269261,0.0006646852202107257,0.0,0.07563721516707193,0.0007180041430243977,0.0018049175898405712,0.013151400522381295
-0.0009355149822076192,0.010685423525890414,-0.0015181748644783944,-0.0005620406398616495,-0.003943928963384235,0.0,0.10132096178788781,-0.0008001596328444882,-0.0002760317935415202,-0.007316837939406073
0.03594727272727275,0.021904363636363666,0.0036647272727272973,7.054545454548977e-05,9.818181818188609e-06,0.0,0.10198654545454548,0.004759636363636388,0.001960363636363671,0.0010738181818182092
0.005238062115257592,0.013621187354363073,-0.007136298820992548,-0.0011021458630403268,-5.008173060198073e-05,0.0,0.10836051890237546,-0.0012440440997460555,0.0005849824366153666,-0.002553820470907342
0.030754145356223738,0.027211779652734792,0.010461608626250129,0.00013454083460923139,0.007882366355018423,0.0,0.11599504837606278,0.0033993549858292505,0.0035019708766328983,0.006810437502036026
0.022046298204015213,0.014782739269663081,0.0076798167348207215,-0.0002004462898230197,0.003612922150711828,0.0,0.08331371939614679,0.003245553689224412,-0.00013479489176253522,-0.0006303232632935529
0.031451034729977546,0.02148632998304174,0.0005228798720547046,-0.0009975045153106765,-0.001919868745777653,0.0,0.09067398767423585,0.003285147040575742,0.002292123367939236,-0.0016637713529387365
0.02504387919177047,0.020277804684321665,0.012915786822681574,-0.0004424727329084277,0.005429008698347515,0.0,0.09643154652356689,0.006497607470117584,0.002181367325984618,0.0020070129215986497
0.0074775444231750645,0.006131750798743951,-0.006225237226089897,-0.0009293852154468318,-0.0066899298338133125,0.0,0.11940511127624383,0.0017012475130213534,0.0009482194773663855,0.0036166919502364724
0.000179060647841367,0.02312281769835438,-7.878668505079123e-06,-0.0010371192722975708,-0.005565921177502875,0.0,0.08718606191917197,-0.0001110176016617448,0.0020674342399770174,0.00034809389940366754
0.02380871044549735,0.011997444735574514,0.0014819167216093888,-0.0007208032002295917,0.002412811849867935,0.0,0.07906083783977672,0.0006131951395317526,0.0027482757089321353,-8.694048078599082e-05
0.02800769294399864,0.026436843411365672,0.00269707999007357,-0.0008292662751261725,-0.005938456448010632,0.0,0.0861919927206551,-0.0008925469435024147,0.003192571759450702,-0.0011667631731326234
0.013041162152283625,0.017750351896351914,0.001735373943338825,-0.0005509802549207299,-0.0014985729728048459,0.0,0.10888334149888404,0.00620193018065307,0.0009332057952079698,0.005604678471719982
0.0050380248386341035,0.018237010842937208,0.0016569030526383255,-0.00013164902115329059,-0.0064861640713205215,0.0,0.06772553948405514,0.004053426495963209,0.002559274013164925,-0.0014732761008030893
0.02424275976099004,0.018453152045941924,-0.004777247546604313,7.750478868878696e-05,0.0018324346468549745,0.0,0.0876523799506184,0.0059202586445520015,0.003420544674129322,-0.0015054382526729416
0.02604741359234807,0.02125693865194319,-0.0015877922066924843,-0.00037979989584087105,-0.0036836779195264955,0.0,0.09062906210172873,0.007487604635506362,0.0047400890010457775,-0.0030163817814605753
0.010462068211245356,-0.00018522242567284853,-0.003453251623783238,-0.0003097624566490875,-0.0030566992305330666,0.0,0.08253581848907898,-0.004541301072878834,0.0018250583009635558,-0.002718359599637288
0.010086087115243458,0.01865941016729431,0.003915082566893468,-0.0020070851446643777,0.0040540288844435725,0.0,0.10244441216022407,-1.8253001501267185e-05,0.00195195362992594,0.0005751558024056247
0.025815682739973023,0.026822571299813358,0.006655829524238788,-0.00029968454258669783,-0.002939869954290808,0.0,0.09176591772355634,0.008099369085173558,0.00025719436039405296,0.002293182257130022
0.01855957447487815,0.01880190158135202,0.0044343625583868175,-0.00039845089443920625,-0.001443426677692139,0.0,0.10702716681619222,-0.0005325449454524178,0.0013010315663781967,0.0014102224364889505
0.024878421926369597,0.012989811529572593,-0.011423130757462341,-0.0007112398684938626,0.0003346245239412626,0.0,0.1080814426613717,0.0036336707789459965,0.004106962663975778,0.004604016796328225
0.009350122598798017,0.024090144954177373,-0.001884196762917345,-0.0016932569178632507,0.002614452723116467,0.0,0.09675669104806406,0.0018776739731794722,0.0008378819908740232,0.0014809697609397543
0.018578488027501183,0.02104448198198198,0.010394810929350396,-0.0007856952347083945,0.001848476766239926,0.0,0.08341408843053578,-0.0034861753200568944,0.003434314248458958,-0.0003763632053105814
0.034939044710879,0.027558145843182592,-0.00829154686155822,7.013927101661155e-05,-0.005168993017073642,0.0,0.08830844228816784,0.002733881530508675,0.00147137465221,0.0003497275806214617
0.017072558987440912,0.0206478983525727,-0.0047997455143851345,4.5574947848836536e-05,0.005052701768552681,0.0,0.07282203747545378,0.00733359026592525,-6.056268237624174e-05,-0.0027500963497219533
0.006202294175772271,0.02132960517836433,0.001235518194446472,-0.0001908232969109913,-0.005387088458949673,0.0,0.10024488393074513,-0.0013490097237537136,0.000927981211244644,-0.002275200847785275
0.014964182205938658,0.018849114124788104,0.00032639306611252915,-0.0005461530048668339,0.008002611144528892,0.0,0.10364466560944934,0.001782687154809437,0.002324738885547117,-0.0035995515940285493
0.015206704079626076,0.023805760183938672,0.005118818920268076,-0.0014453402713699881,0.0022005324539775216,0.0,0.11144435704669561,0.00946278116444057,0.0002102588149873852,-0.0003743817029451035
0.025720598677724693,-0.0014170682440211469,0.003420473895748455,-0.0009117357103954893,0.0009337966122727525,0.0,0.0950080315470897,0.005914734614244443,0.0015321985756930334,0.0030768064086920234
0.032453339972029614,0.012703462617061945,0.004960350874623843,0.00014387909762544337,0.0006256727171549459,0.0,0.11799367371295937,-0.0014991982309827123,-8.932951608296991e-05,0.0016639452893324358
0.022435038518133797,0.0283351510430191,0.0028532848610750227,-0.0003060676880464186,0.011203670042413228,0.0,0.09742266078074957,-0.006493205228079324,0.004053665714533017,-0.00036665801090627335
0.007243294997829064,0.012485944266930938,0.007570612662963017,-0.0011990514467663082,-0.0032872787729669286,0.0,0.09284428659964453,0.001560139982112596,0.002128307040298716,-9.982817678119149e-05
0.019701239281277504,0.029252559531625134,-0.005063007740037051,-0.0006066788541108537,-0.003653876583610194,0.0,0.0887060772253028,0.008603258289650462,0.0025499365377558815,-0.0034744316173276777
0.028484568464456426,0.02903590273221075,0.01571768579382432,-0.0006538358499283637,0.004630819585567469,0.0,0.08959958378145425,0.0013534868009800083,0.0018547350683538522,0.011408736706826095
0.023405806509602656,0.03506476645127789,0.0030164421229946893,-0.00012450605385715406,-0.0015659798859470775,0.0,0.11011095686564336,-0.00017943519526474326,-0.0001691151747578723,-0.0036293181795483574
0.01731758761826494,0.01601763498496007,0.004881603504325771,-0.0013703954106935256,0.00934662299754262,0.0,0.09226667854207743,-0.008733285022003212,0.0017371836653725437,-0.0014679627058123202
0.010363737026654074,0.019203408002390298,0.013959364097336302,0.00035196105140122835,0.000967563339807176,-7.030432986809832e-06,0.09759251610408551,-0.014429963705389747,0.0012008858345563089,-0.0037599634417485152
0.015321980629850528,0.01936149060355331,0.007599897376691667,-0.00024116477454944052,-0.0004996472323776757,0.0,0.10426977102174328,0.006390225129882599,0.0011089731255211287,0.0011322237188121198
0.017743420025186786,-0.0005529139295101682,-0.006476469591395329,-6.778512116593083e-05,0.00012360816212602098,0.0,0.10572917185854172,0.0038953185069994455,9.602892165166965e-05,-0.0020848908958601697
0.012844429126225586,0.003337969829947296,0.00024280060807863046,-0.001495577890065747,-0.00693566553216104,0.0,0.08341908800521919,0.0026397257491737824,0.0034189033659735137,-0.0033176595129216224
0.006545679577958374,0.011324760755325958,0.004629670784284878,-5.094313173756859e-05,-0.0002376206480376619,0.0,0.10773959512176776,0.009806381909375916,0.001081430373731118,-0.0008930433563660078
0.01262560410989919,0.01792108119080892,-0.004065786494483992,-0.0005008549277410567,0.00389636245813193,0.0,0.09337177255018306,0.00607818489861881,0.003931106096923031,0.00018542953287369323
0.01926155987533451,0.017962816472795396,-0.006649548930357563,0.00023428820907851479,-0.00272586982739611,0.0,0.08684052407938139,0.0061157003358708,0.0022590224735129726,-0.0017446258521044422
0.0069600445442851155,0.021493193556438805,-0.008182324366875892,-0.00204634909663417,-0.002327822898066523,0.0,0.0990323138068084,-0.0025025440162816603,0.001519497724785479,-0.007344623005587181
0.02731986222397359,0.01518564735759007,0.0041723221974108386,-0.0009202095830232127,0.002142898842622987,0.0,0.10621889458090691,0.011686880628165263,0.0022757125968737467,0.00607404001926527
0.01497275089588319,0.01848726971104937,0.0017153003233604136,-0.00018371274713735453,-0.003474341776991485,0.0,0.12264267708677597,0.007548747059624073,0.0004779123492551607,-0.007155238891372906
0.02797106201084417,0.02029696958657414,0.01249962051524921,-0.000605657662252479,0.005578122248735551,0.0,0.12015625664098314,0.0028962276179893887,0.0009456759989556529,-0.0003670376509590234
0.011879146080559077,0.033787382062766526,0.007421003216819866,-0.0008322944082744032,-0.0013271305659447673,0.0,0.11046312970402186,0.0025611426636500067,0.002406458265995648,-0.003256837666035539
0.025670551632779526,0.016243330943208158,-0.005865427852654903,-0.00014766112076618486,-0.0012004302225247288,0.0,0.08782008434305988,-0.001601788947899363,0.000329351141791101,-0.005510403120936291
0.004450257558212723,0.018849648578994793,-0.0076496563202559376,-0.0015879262128781658,0.002334957923019676,0.0,0.08969186554719433,-0.006851661306918366,0.002406887142087677,0.003387446899786195
0.02068333901298064,0.011199231698627632,0.0034451578425602316,-0.001061448619845673,0.006007388704730665,0.0,0.099404024288237,0.004909538709377659,0.0019389541187769589,0.0011381238576164577
0.03156048317784754,0.029203584767083866,0.010371446877002134,-6.133483349745062e-05,0.005449033488037713,1.2110699607759123e-05,0.10295540137202504,0.011308658759551792,0.00022697795071331407,0.000625068366852588
0.005893425111115669,0.015642066648805686,-0.00031187958974783215,-0.0010678784631343418,-0.0018269686540403952,4.636976279287497e-05,0.09844060205126086,0.0009789172145167947,-0.00022600965864988387,-0.005087793417554598
0.02628802242189433,0.01068051971110251,0.0028667812280045225,-0.0011585068134404518,-0.0011153877859013338,1.585258365410791e-05,0.073810263596761,-0.0021080765743200836,0.0008620634991090781,0.0005221841055655152
0.011760679320258515,0.015719987503203192,-0.0040800637477050984,-0.00045950300660292377,-0.002396857547047282,0.0,0.10510332674560245,0.0019120801199130843,-0.0005676213610977365,-0.0032758457277453413
0.021785515848816293,0.017079318616091445,0.0023295523844371726,-0.0006172839506172201,0.0030613489449933364,0.0,0.11685334254854932,0.0011498692252443266,0.003738938352915733,0.005632123158650848
0.014106241711121204,0.0340936150740014,0.009849624378731325,-0.00010169103720620853,0.0029316678601239874,0.0,0.0941078518192103,0.0028206551445072005,0.0021842387366583617,-0.004103233351270497
0.029419330233614926,0.039640286602238006,-0.0010924073127388302,0.0004260084227951655,0.006999521247677276,0.0,0.12386093462190742,0.00937745969148881,0.00035257268515144214,0.0051409073573683624
0.03046157843666648,0.015956509559208687,0.003289390882110588,-0.0011002529363761005,0.004606852424007479,0.0,0.11773559013751138,0.000802656846943095,0.002117276407085511,-0.00581916064098863
0.033212236904246815,0.00297236689575906,0.009551205625039161,-0.0004148103134526404,0.001489155814775267,0.0,0.1122174187305351,0.01158892826357626,0.006606580820307195,0.00581956411890785
0.01872847214201758,0.03146039553511372,0.012871536010543949,-0.0006131405705434911,-0.0020476517225683777,0.0,0.07325722011236943,0.0006073658394080805,0.0009198807008485077,-0.006708199438832063
0.02254586047751549,0.03310218430830238,0.00673253469734586,-0.0007877505456605038,0.0027524617204552015,0.0,0.09157233542711476,0.0121131641646812,0.0015571735617054827,0.004264982755460778
0.013288975983229279,0.030012825437334377,0.004967090058007451,-0.0003720678901829921,0.001060214451728847,0.0,0.0987373129081191,0.008083931745236039,-0.00018554566702039255,-0.0018661987877683027
0.004201894798682071,0.01564889953744829,-0.00044874948241632186,-0.0007247941167102589,-0.010373261892038221,0.0,0.09815510169413547,0.0013788075579605375,0.0014025190842396284,0.001723509447450644
0.02990659176278958,0.023356713093773872,0.0036226440182162587,-0.000851477578698967,0.002059801216633972,0.0,0.12429179270684439,0.005818070006315834,0.004523485024764806,0.0009227803078150187
0.033937880319517943,0.01787344816422536,0.004010822382113322,-0.0009930427543557107,0.0027627466915092435,0.0,0.06145500915079316,0.013545486379523353,0.0020465402073298724,-0.0006808586549325258
0.014452291403845985,0.007488671689244752,0.003231270460717439,-0.0009632502918046515,-0.0006515989326038585,0.0,0.08917434004975425,-0.006291977630270606,0.0013645063293129644,0.0008555674766458577
0.019443192911316354,0.03214537808815798,-0.0008650596981302106,-0.0001565667943230431,0.006442892543365641,0.0,0.11058947210332655,0.0038785011639257847,3.0036795073962175e-06,-0.0039415784335811496
0.010561805616306574,0.036588924853468686,0.0011960458402589858,-0.0015792144169363587,0.004217303822937668,0.0,0.11610497769224044,-0.012615169276528693,0.0011694514915580934,0.0026858542559706432
0.03196404288010176,0.011836886071031238,0.005763029157762767,-0.00039701181498680294,-0.0026967839923705437,0.0,0.08886282959221523,0.002765307383925297,0.006195362308602547,0.002648040548893582
0.021405424193169143,0.00669283691640854,-0.005033002456868519,-8.212278890354919e-05,-0.004223701113939405,0.0,0.07289811662799059,0.002103161216235061,0.0014495864896085786,-0.011567386689293024
0.017162286622676937,0.01304803118810004,0.002338266402560285,-0.0004710176926021048,-0.005080682807433701,0.0,0.10401752858698894,0.015556200401206099,0.0006489109818615723,-0.0005778377764600994
0.020305222373356448,0.03172031930533231,0.009753994751521666,-0.0004932470494483198,0.0050918483711856035,0.0,0.10773875767693006,0.007659412225382323,0.0012365524916532976,0.001485408680598499
0.01793924951309821,0.013725059997772205,0.002038742865243781,-0.0007996327562521221,-0.005887038793496313,0.0,0.10876726940096734,-0.0009410621040231825,0.0033936292660862845,-0.004930787380046686
0.02230622470267276,0.024949331051001732,0.011411360543004668,-0.0010267520163567468,0.0055777448900141465,0.0,0.11532966020600414,0.002004469565940914,0.0004778631670915634,-0.0007107025896142649
0.02892669367263776,0.016645681391223188,0.00530679399968621,-0.0007124266353429554,-0.0004071009344817078,0.0,0.09895770897110469,0.008513317269205544,0.002967170447368539,0.004269330254598991
0.019131661203019013,0.024671418769535748,-0.0008523290386520888,-0.0008286955858808675,-0.0067843256842265555,0.0,0.11836471754212097,-0.0028653655561484913,6.670732637038545e-05,-0.005945909887931667
0.0305000123233796,0.016949224155232357,0.014994736156443566,-0.0005450454732705556,0.003598426832574597,0.0,0.09044480358293462,0.0037276462697130473,0.0028572635759631093,-0.0008677419695577004
0.010337000651303186,0.003639107831628374,-0.0009055844373637601,-0.0005791528378489286,-0.007367136098966898,0.0,0.07409373305929198,0.0035552574207613485,-0.0007406136290067922,-0.007396776244203607
0.01869877121954684,0.02623730378578023,-0.006061154911570432,-0.0006367639747141163,-0.0026679806804460584,0.0,0.08271645713473967,-0.003182754456992687,0.003247389729384187,-1.7401804105410256e-05
0.016886967705058563,0.013981851957702185,0.0038010860245784373,-9.681337525008216e-05,-0.004464132609316951,0.0,0.10922299228350955,-0.0017780080022863798,0.0008702486424692734,-0.005237210631609046
0.027670797928956704,0.029084086521982255,-0.005570168317367563,0.0003644170229654575,-0.0026216377117497802,0.0,0.0936064656960906,0.002075733795168744,0.003689632155292133,0.008052894589670002
0.029087436032480894,0.013391320069489699,0.0016295504390274162,-0.00023189453908017965,0.001792269657975154,0.0,0.098092569155668,0.003960287077578483,0.003581394983217079,-0.0004500326224521678
0.016870818633160846,0.0222484801895944,-0.005596191997959088,-0.0006972161705813496,-0.001948647024662753,0.0,0.08530676504452847,-0.0005595856313717507,0.0012668723292122096,-0.004693872755531281
0.02672667664573236,0.025556441378412696,0.004667111385896994,-0.0007329732192248751,0.0031621164296638526,0.0,0.10076673391689177,0.008298216784354573,-0.0002741531352705606,-0.0021037388955777335
0.037340245425049226,0.015524730392057862,0.015153400757205393,-0.0015099660995033792,0.008228244487633818,0.0,0.11096291148293465,-0.0031059966301532293,0.0012348023548521604,0.008374513614746549
0.023404456193353417,0.03617897397164767,0.0013380926098070733,-0.0004248489425981994,0.0018831338600975855,0.0,0.088555586218917,-0.0033185422960725353,0.002862828259353911,-0.0021227922379735255
0.01462161741729966,0.008868944153990832,-0.005478076197304038,0.0008718118671924735,0.004628583796067775,0.0,0.09925601780146502,0.013329793781661558,0.00036691849336846217,-0.008807734709474902
0.019162260748391346,0.014592401327923277,-0.0005709250379113629,0.00021230378294195829,-0.0016349030697979106,0.0,0.09333251362760771,0.0043124718226156935,0.0008631501291036514,0.002053772695602296
0.00904532789256518,0.012430835756809889,0.0002025062046074444,-0.0009376189533626178,0.00029751663443827736,0.0,0.11202034197664332,-0.006147053001811875,0.002100887677573626,-0.004964751739573936
0.009929892991726873,0.008669369522468473,-0.0031525225305420344,-0.0008027643579099353,-0.004173376600605905,0.0,0.09075634105616381,0.0016006732862356321,0.0022278329408527476,0.0026553804903444167
0.008906091321926102,0.0138784034949894,0.009752629864530848,-0.0011266742033761545,-0.0038119143880894213,0.0,0.10226829408496045,0.009017992297227417,0.003988196746440842,0.001071298549502797
0.02476816031580916,0.025018102424805965,-0.0010666647063364398,-8.894998584891844e-05,0.0008898674204136037,0.0,0.10340913685433148,0.0002936819780712141,0.00232519673752033,-9.04202335488935e-05
0.010790643648257103,0.01827966484507402,-0.0008446800778450947,-0.0013772326962854242,0.001774269693068975,0.0,0.11625711966470917,-0.0002995608478727152,0.0011636003002400753,-0.0029786265712510194
0.02134562538782019,0.019508834914162422,0.0003457140324438779,-0.0013895044765535381,-0.0021514788878055024,0.0,0.07744179003043462,-0.004876562361492809,0.0017721537688738741,-0.0028676535768105914
0.01853350676880089,0.0068044170985347655,0.0029707706178294436,-0.0002618737912855384,0.0018214165272988803,0.0,0.09745559157323862,-0.004729557670734119,0.001780810604340044,2.064707947069255e-06
0.008202762593462965,0.028007060032908003,0.001453060802270556,-0.0006206622336728973,0.00021626199704536387,0.0,0.10732025847995934,-0.0025020446294937828,0.0011931584919200322,-0.004937174111919662
0.01267906945825159,0.017270741236512156,0.001020102916781207,0.00048436758755929785,0.0017730935769171064,0.0,0.10175466162255584,0.0012370560845089695,0.005152788815127462,0.0030237470048073865
0.01122123762620858,0.0031636552303460743,-0.009141987712680965,0.00026312321907996373,0.003803551134024019,0.0,0.09388928236127356,0.004765865630095701,-9.882562218943568e-06,-0.003370365490092719
0.041449408854778914,0.032543422040006556,0.008450912885387695,-7.18198770366607e-05,-0.0011275398632523692,0.0,0.09814331125059983,0.003325292513019351,0.0028766598282120026,0.0016017764952544033
0.027513060565877934,0.01981331778313865,0.005975907849120466,-0.00014138961225701463,0.004242886584761818,0.0,0.07444961896697712,0.017493569568482047,0.00157126196220021,-0.0024707235633377954
0.0180487406287664,0.018710599963230056,0.00607398933671075,-0.0015492411088186332,0.0036046820419586402,0.0,0.11002226625538784,0.0038673830000204522,-0.00031581312687676275,-0.00268584152145932
0.015359500528708247,0.017776813511338842,0.0068736282022656804,2.7383294505256562e-05,0.0005143846552443376,9.268191986411268e-06,0.07765733809100525,0.006023903509695827,0.00412645184121061,-0.0005308146319474294
0.004878554273662339,0.0025199429446880806,-0.0056754593074524904,-0.00019749915676796624,-0.0035041877136017807,0.0,0.11050321647289267,-0.00626917590835383,0.0005717722501493938,-0.005876819044445381
0.022655820125799763,0.031347078518742334,0.0046818863486789205,-0.0009141878940231996,-0.000667839071282883,0.0,0.12700666400538013,-0.002966615239102177,0.0021351430081888887,0.0008800227288257134
0.0023476669325433242,0.013489915679124909,-0.0013410152689152023,-0.0002902090929808421,-0.005868277119416565,0.0,0.0921219804010939,0.0050044154512306595,-0.0001420778258887756,-0.0017327085232452077
0.014019287814609028,0.01679620202334229,0.004815153046023946,0.00017908263060404384,0.0071157009805826845,0.0,0.08030706356299955,0.008409111516988577,0.0023109107630928105,0.0018640137825619684
0.026247673041123708,0.02171560331697412,-0.006323828058893222,-0.0012667117955660779,-0.0007700118463361161,0.0,0.10669191064477915,0.01050516161787104,0.003781942799119975,-0.0021966491792181466
0.012548582812032083,0.019771648164537192,0.004549874988643021,-0.0002762700514514438,0.0006491168443970685,0.0,0.11529849616216821,0.0029518159455940276,0.0008776032815902335,-0.0004189478855750273
0.008891980603244531,0.023421447192468248,-0.0025666932313967994,-0.0021101400726702747,-0.005376251131252263,0.0,0.0804092769440655,-0.011511623195061637,0.0022500776680669634,-0.003808571853092524
0.027021018826561084,0.02305571046710645,0.0020349608661372363,-0.0007592161689197963,0.00142766485259902,0.0,0.09913924732216693,0.004697986577181257,0.003722620718832381,0.0020349608661372255
0.020931646524451876,0.02827420723559073,0.0031653677457951336,-0.0001706967353030442,0.0021576067342300555,0.0,0.10481754957520897,-0.00023507378976015403,0.00023279783328942206,0.002960369095112203
0.030050298235312335,0.014086210093642837,-0.0007185462187470626,-0.00021479123528134192,0.00648198226040736,0.0,0.0755825632784251,0.00354791853385672,0.0024055845721173584,-0.0011033161294309978
0.009563553957462634,0.017236781007036593,0.004016002095512472,-0.0006365912996543766,-0.0032385193299122816,0.0,0.09301535518540122,0.003681434473561973,-0.0002579702897602121,-0.007588692170006439
0.012310306788706371,0.039985018335768174,0.007719656539757325,-0.0003905667690289327,-0.0005977758564145175,0.0,0.09929675620881907,-0.001097537342357091,0.00039280283831731876,0.0024850183357681965
0.006259458522503802,0.007527817223011146,-0.009660359873864122,-0.00205937452082372,-0.002108708840843465,0.0,0.11232491316493003,-0.007610485543044165,0.0024887164409955085,-0.007504816763001909
0.023760778990767128,0.021472693223390082,-0.0011463111898263212,-2.6493815690098455e-05,-0.00021703153126990672,0.0,0.10715913710005232,0.004144648975088594,0.0023089541838453576,0.0007723128738169049
0.00987337512094565,0.005990492617054355,-0.0006255521433680244,-0.00042152202263264773,0.0026212612006225712,0.0,0.11069412309116147,0.003106726683774297,0.005108325270287273,7.908796432622988e-05
0.013253728806356991,0.012446678804559196,0.0063233626102788265,0.0002255425278413936,-0.0012172759038862392,0.0,0.08579605071765012,0.002201164322440796,4.347413942444867e-05,0.0019746411749130832
0.020636210424942847,0.02508005296737693,-0.003271939328277318,-0.0006371132779583122,-0.0046391597447935085,0.0,0.1065736728060672,0.011923979776092474,0.002636932707355266,0.00041170097508127503
0.01681981607617118,0.023536468590218417,0.00906827584960882,-0.0005763428426891481,0.005576252506820323,0.0,0.09328045673815241,0.008919040994417204,7.696616018354474e-05,-0.00106162712966813
0.006764595444952326,0.014638820193440672,0.0056931622492976345,-0.0009704400968497562,-0.0008946952727460599,0.0,0.10461104709126931,0.008634909947820268,0.00048424896093641757,-0.006711509328913778
0.02450335048683865,0.010128281070674849,0.0037255192329050725,-0.0010999222538966124,0.0010817814964273365,0.0,0.10172522305727294,0.0005072007700565928,0.0057491392395690125,-0.0002869201436452418
-0.0008519050930328786,0.01721365916936135,0.0013227603970152435,3.773078925953799e-05,0.000513887113220457,0.0,0.11242590265456372,-0.008962153835599762,0.0012482342926100841,-0.0017396700270975284
0.024093349474958548,0.028864778798326197,0.006794615364370882,-0.00022403084454034606,0.0005536621312209,0.0,0.09185231728820697,0.011976932389399165,0.0013211569334421248,0.0007222609679711778
0.022368682014432352,0.022700962668009195,0.014152897920576035,0.0007268067188429317,0.004564053274749402,0.0,0.08225151418066423,0.002662516972554019,-0.00013639068149574608,0.0013098997665796808
0.017196023535523908,0.012691782770578152,0.0014447875906600238,-1.0720455866752854e-05,0.0028978216858329352,0.0,0.08268852540129555,0.007881184362978189,-0.00011174013614976275,0.0006395164249754059
0.024900876568167706,0.020515565363823162,-0.007762713120525034,-0.0010890196352916325,-0.0010593752444632786,0.0,0.10060235755252615,0.0009358569493451597,0.0013064118346996056,-0.007323811445205197
0.022924699439229125,0.03120417439767137,0.004493236951558488,-0.0005993971540706022,0.002553128384110781,0.0,0.09458800929789832,0.006034322212182442,0.002515881610440129,0.0011191275977900038
0.039096224849953606,0.018761487288755853,-0.0017444413721312668,-0.0016468502464176305,0.0008234251232087542,-6.099445357143906e-06,0.10279313934386229,0.013912428229859575,0.006154746995006543,-0.0025955173142922505
0.009615772957621848,0.005614516454738638,0.012336806879994344,-0.002212983649435718,0.005311288973225581,0.0,0.07100299060507664,-0.0010269987851668771,0.0008561528574221767,-0.0063663346977501645
0.03495943926157782,0.02097330559559444,-7.758453481604421e-05,0.0007838319914505343,-0.005222123762545649,0.0,0.10441737437200267,0.0017760773411324093,0.003919920589946779,-0.0013630537881409444
0.01233059998122119,0.015631905104691524,-0.00294857750931119,-0.0011336108416012403,0.0015911865043347294,0.0,0.12098557165659914,0.0003787048918656111,0.0007408218835090796,-0.006031266627022669
0.018844407883565284,0.015352047304410777,0.0006452659741063016,0.0003505567777454477,-0.0039221605467026025,0.0,0.10234484372110919,0.012271751312229452,0.00012150622436382096,-0.002828604527427614
0.006384063789921524,0.024401899046250508,-0.000855416085541616,-0.00027415014862711693,-0.0001983573531690763,0.0,0.11516363072848428,-0.006765563585647283,0.002445937759745298,0.003447304284124375
0.01997387133355808,0.031073574033775708,0.003116284059214747,-0.0005367487050602415,-0.001368115364575384,0.0,0.0719718331443283,0.0018462469733656172,0.0029894719097679602,-0.00037085849143349004
0.0227157908413808,0.018584361636674228,0.0126098205039037,-0.0008533420973184325,0.0033793569935455124,0.0,0.10025604084424695,0.015197361632852735,0.0010910397169029418,0.00428505371125476
0.02021479438448377,0.03704404969891545,0.009175985952340893,-0.0005179187470622848,-0.003297741200258919,0.0,0.10338154825778875,0.014140334696121849,0.0035646821983168044,-0.0032906464229019105
0.023607053407672607,0.02994486531867955,0.00803580232653136,-0.00020707200189328255,0.0012753944932933914,0.0,0.09100011550955205,0.0006265688873612563,0.0010562080749628611,-0.0016369957374158472
1.7781500916769223e-05,0.008485727381930864,-0.0015035246886261123,0.00012486565088197786,-0.003917067079724323,0.0,0.09882760637288998,-0.00024103812353792886,0.001014335841183578,-0.001368385281658946
0.02452011118022419,0.023246932321865886,0.0037782137217971744,-0.0011657394398360999,0.0007407665171794587,0.0,0.0779710044063211,0.0033876040139714904,0.0030826848545218,-0.007615584370391948
0.024927045153630444,0.016611693452907084,0.015400059364400764,-0.0016968880380732077,0.006544758423575048,0.0,0.13428694350043197,0.006951304516030099,0.00042055342295808094,0.0033347451833126486
0.0076517114782420955,0.008466620775294243,-0.007057148256127854,-0.00015825774754345544,-0.0005341620775294098,0.0,0.08231292517006802,-0.010002969441744947,0.0015150901630493596,-0.0037320483749055168
0.0240480802877314,0.034087293427560325,0.002342326742495615,-0.001042918005937854,0.0010302918799580453,0.0,0.09592645101243498,0.0008950119587450844,0.0034411604492015414,0.0011641288153447448
0.006780493834791013,0.024013412033746472,0.003756914614172313,-0.0005757285453814487,0.005258815167341435,0.0,0.11423962421582874,0.0018402917271856944,0.0021202756574678293,-0.0013167897648258097
0.026851547040672007,0.02040653906399791,0.008050833661926516,-0.0013905820982450968,-0.0012907380141879642,0.0,0.08825927627509217,0.004303062970506222,0.0008005614420958818,-0.006691724155394996
0.016953091635022555,0.0226301658296282,0.008315980096471876,-0.0005667804421019773,0.0021164879476390343,0.0,0.11763574424694678,0.0031305349652549276,-0.0005055337237673708,0.007861430127426294
0.014362293879636468,0.012746293747785364,-0.005969558875639625,-0.0013053259606588762,0.002925858474317933,0.0,0.10177545756454527,-0.00026617442253331627,0.0016856339978080336,-0.0034371935491845362
0.01642184045142888,0.01551647171245828,0.0007707491961190694,-0.0008966498566615244,0.0027387753109153756,0.0,0.11016028793236939,0.004707847691588751,0.00031387976312543533,-0.003308990213926477
0.03229277026947787,0.021048434073130062,0.002898460070917308,-0.0002924262386088228,0.002339018964701678,0.0,0.09309279841745803,0.004006004902439919,0.0014836331223538445,-0.002486404916513829
0.02731245611391305,0.018252123365193152,0.004445840961630343,-0.00012440403094712282,0.004536899582220466,0.0,0.09186724679130581,0.005889633104297365,0.0015140098817840951,0.003508963182178149
0.04343751804466002,0.02829815140191543,0.00932836744289639,-0.0007638562366469537,0.000989466043043208,0.0,0.09043406171892401,0.005019096405916179,0.0053672036757488,0.004442904633456246
0.008373084076069015,0.020317609981179506,0.010736227063666781,-0.0005590470215711907,0.00287059137968797,0.0,0.07402528704057733,0.0017001562807410831,0.002953743127916364,0.0030346675971743343
0.014888682450704006,0.030531995444220285,-0.004872966283412816,-0.0004587593772071408,-0.00415301311377364,0.0,0.08995024274161215,-0.003971354580912867,0.002888720627628583,-0.00014857186487916564
0.03739362570236175,0.013791937702548296,-0.0019343607439012756,0.0003843075081796044,0.002252220745610922,0.0,0.09530515337327952,0.007530328818011522,0.0005840386094984606,0.0038485152285249956
0.017082276417592412,0.024240412217018316,0.005361047718254797,-0.0006142701516392068,0.001302888858849105,0.0,0.10085441201027368,0.0018336659801684529,0.000524813333439389,0.003089242121836244
0.01804161418099588,0.006393892944408186,0.00313214247772835,-9.136300860512758e-05,-0.006152281798728176,0.0,0.08827305701840919,0.006826728991819841,0.0008626367789227429,-0.0006301315809442931
0.02405567130467241,0.025690463584735333,0.00453910055953165,-0.0008349172129305527,0.002342491268030522,0.0,0.11798919025980706,0.0017163033583325938,0.0024697094929934773,0.00646013384576124
0.020411315068730874,0.022384597809520245,0.005684141724677472,-0.000250745439874589,0.0006839826589428277,0.0,0.12185649957052251,-0.0009405123073497057,0.0006249837319135199,-0.0010601008187547168
0.00964693721945915,0.0037931837540715494,-0.011461859202378622,-0.0002360770376797938,-0.002409580899453467,0.0,0.09936323004431233,-0.006428951977464214,0.0030766580424109622,-0.004411450374373504
0.023555318183937614,0.022287287478223294,0.009060389882882557,-0.0014589876948248536,0.0034401929492152037,0.0,0.10799179372406402,0.00901715433817828,0.001710135344210073,-0.004562197722080208
0.012851893631492538,0.022155820241867286,0.005770889666727508,-0.0002956984787909622,0.004544964416648733,5.806141238551277e-06,0.10376113534944675,0.00643693701166208,-0.00011985534413826438,7.589456047514264e-05
0.01414247459071274,0.014134258413973654,-0.004716085448238039,-0.0002735682551274543,0.0019490597042177038,-1.5215142108782053e-06,0.10975442760635393,0.01018045158541786,0.0007595398941026565,-0.0010385856003894633
0.013119456914485983,0.005546917770721615,0.003219971531807764,7.051352239137998e-05,0.0038348844848352546,0.0,0.09637402824920623,0.0045111135442899904,0.002686521405890774,0.001317858315996978
0.018959307226607415,0.02517846931978286,-0.006533657162057793,-0.0005485242016776803,-0.0015424111485112136,0.0,0.07059662691511878,0.007871513879637138,0.0028428349947240638,0.003028820363482021
0.016604043113372012,0.027881221672181787,0.0018543916903799862,-0.001703183353405835,-0.004244851128173799,0.0,0.12216341898006552,-0.010969822919080784,0.0016021245151265017,-0.008598359503519993
0.026168259668392136,0.010926744347401918,-0.000847311520493188,-0.003127273338912007,-0.0008405834885686803,0.0,0.09636896527074018,-0.0002098304956457131,0.0014831105373594889,-0.0009915437048748864
0.022792512943050625,0.022614894464356872,0.005510553564317044,-0.0004954201513341028,0.0012146555157308337,0.0,0.08532218239745125,0.0031497411389885045,1.8717642373589082e-05,0.0018233771405814947
0.017349884717276574,0.030302840117066476,0.011304643680590898,-0.0006381840163311447,0.0015323683497724283,0.0,0.13554936016436875,-0.0017454266782059192,0.0009619005463542441,-0.0013255861581454198
0.02059562358944166,0.0030271808458443793,0.000601511137277988,-0.0004029699407974152,0.0016678114676348498,0.0,0.07584535374349918,0.0030510581231805944,0.004961567396068423,-0.004561050600202776
0.016410295486696626,0.02232897452632345,-0.006252960996021073,-0.0004800540682014964,0.0030895405196775805,0.0,0.13049585709032235,-0.011666407148134283,0.001533754526389719,0.002273051043430152
0.03471480844147175,0.02862713526424434,0.006991189948375953,-0.000210998637856874,-0.004829312403896368,0.0,0.0665492756222171,0.009315608939016473,0.0015399466589339217,0.0032218309187407868
